Barcode,Name,Sales Price,Sales Description,Description for the website,Origin,Website Product Category,barcode_norm,expiration_date,date_repaired
0003, Copper 16 cm pan TAVA,9.95,,,Finland,Pramoninės prekės - higienos priemonės / Pramoninės prekės,3,,
4777000009765,Gruziniška duona,2.50,500g,,,Kruopos (ryžiai - makaronai - miltai - tortilijos) / Kita,4777000009765,,
4262396735201, Quince Jam HUNKAR,3.00,380g,,,Sirupai - džemai - uogienės - sezamo pasta,4262396735201,,
4262457390868, Tahini Halva su  Pistacijos ALTUNİZADE,7.90,300g,,Turkey,Saldumynai (chalva - lokumas - šokoladas - batonėliai) / Chalva,4262457390868,,
4262457390844, Tahini Halva su Vanilinė ALTUNİZADE,6.50,300g,,Turkey,Saldumynai (chalva - lokumas - šokoladas - batonėliai) / Chalva,4262457390844,,
8717973291992,"""Anatolia"" Džiovintos figos (Turkija)",7.50,500g,,,Džiovinti vaisiai - daržovės / Džiovinti vaisiai,8717973291992,,
8690777012461,%100 Granatų sirupo padažas SERA,7.90,340ml,,,Sirupai - džemai - uogienės - sezamo pasta / Sirupai,8690777012461,,
4262396736055,%100 Pomegranate Concentrate HUNKAR,8.50,250ml,,,Sirupai - džemai - uogienės - sezamo pasta / Sirupai,4262396736055,,
4779031860551,%100 Whey protein HEALTHY CHOICE,98.00,1000g,,,Sveikatos produktai,4779031860551,,
8691216018211,(Crocodile) Fruit Flavor HARIBO (halal),2.50,100g,,,Saldumynai (chalva - lokumas - šokoladas - batonėliai),8691216018211,,
8699401580451,100% Juniper berry syrup DORA LIFE,4.00,380g,,Turkey,Sirupai - džemai - uogienės - sezamo pasta / Sirupai,8699401580451,,
4779031860926,100% grynas kolagenas braškių skonio HEALTHY CHOICE,65.00,500ml,,,Sveikatos produktai,4779031860926,,
4779031860643,100% išrūgų baltymai braškių skonio HEALTHY CHOICE,92.00,1000g,,,Sveikatos produktai,4779031860643,,
4779031860629,100% išrūgų baltymai vanilės skonio HEALTHY CHOICE,92.00,1000g,,,Sveikatos produktai,4779031860629,,
4779031860636,100% išrūgų baltymai šokolado skonio HEALTHY CHOICE,92.00,1000g,,,Sveikatos produktai,4779031860636,,
4779031860223,100% išrūgų baltymų koncentratas HEALTHY CHOICE,92.00,1000g,,,Sveikatos produktai,4779031860223,,
4771459224847,250ml Storage Container STARPAKAS,1.90,10vnt,,,Pramoninės prekės - higienos priemonės / Pramoninės prekės,4771459224847,,
4772122002182,3 pepper mix,4.30,70g,,,Prieskoniai / Prieskonių mišiniai,4772122002182,,
5900552080848,4MOVE Sport Grapefruit,1.89,750ml,,,Gėrimai (sultys - gaivieji gėrimai) / Gaivieji gėrimai,5900552080848,,
5900552057314,4MOVE Sport Lemon,1.90,750ml,,,Gėrimai (sultys - gaivieji gėrimai) / Gaivieji gėrimai,5900552057314,,
5900552057307,4MOVE Sport Multifruit,1.89,750ml,,,Gėrimai (sultys - gaivieji gėrimai) / Gaivieji gėrimai,5900552057307,,
5900552070917,4MOVE Sport Strawberry & Watermelon,1.90,750ml,,,Gėrimai (sultys - gaivieji gėrimai) / Gaivieji gėrimai,5900552070917,,
4262457391353,7- prieskonių mišinys ALIBABA,3.90,80g,,,Prieskoniai / Prieskonių mišiniai,4262457391353,,
4770477231578,7UP,1.40,500ml,,,Gėrimai (sultys - gaivieji gėrimai) / Gaivieji gėrimai,4770477231578,,
4770477231523,7UP,0.90,330ml,,,Gėrimai (sultys - gaivieji gėrimai) / Gaivieji gėrimai,4770477231523,,
4770477231646,7UP ,1.90,1500ml,,,Gėrimai (sultys - gaivieji gėrimai) / Gaivieji gėrimai,4770477231646,,
6253503916208,AGHATI Cookies With Date filled,13.99,350g,,,Saldumynai (chalva - lokumas - šokoladas - batonėliai),6253503916208,,
6253503916215,AKHATI Cookies with Walnut Filled,10.90,350g,,,Saldumynai (chalva - lokumas - šokoladas - batonėliai),6253503916215,,
6253503916222,AKHATI cookies with Pistachio filled,13.90,350g,,,Saldumynai (chalva - lokumas - šokoladas - batonėliai),6253503916222,,
4770405227468,AKVILE Kids,1.25,500ml,,,Gėrimai (sultys - gaivieji gėrimai) / Gaivieji gėrimai,4770405227468,,
4770405227031,AKVILE LIGHT,1.00,500ml,,,Gėrimai (sultys - gaivieji gėrimai) / Gaivieji gėrimai,4770405227031,,
4770405226980,AKVILE Sport,1.90,1000ml,,,Gėrimai (sultys - gaivieji gėrimai) / Gaivieji gėrimai,4770405226980,,
4262396735140,Abrikosu Dzemas HUNKAR,4.35,380g,,,,4262396735140,,
8690575871710,Abrikosų nektaras TAMEK,3.50,1000ml,,,Gėrimai (sultys - gaivieji gėrimai) / Gaivieji gėrimai,8690575871710,,
4260161973087,Acacia honey with Ginger BURAM,6.00,320g,,,Sirupai - džemai - uogienės - sezamo pasta,4260161973087,,
4260157570887,Acacia honey with honeycomb,10.00,500g,,,Sirupai - džemai - uogienės - sezamo pasta,4260157570887,,
4260157572188,Acacia honey with honeycomb BURAM,5.90,500g,,,Sirupai - džemai - uogienės - sezamo pasta,4260157572188,,
4868046130077,Adjika Sauce (Very Spicy) GRUZIJOS SKONIS,3.40,230g,,,Padažai - pastos ir užtepėlės / Padažai,4868046130077,,
4262457390127,Aitriųjų paprikų dribsniai ALIBABA,3.90,100g,,,Prieskoniai / Grynieji prieskoniai,4262457390127,,
4262457391247,Aitriųjų paprikų dribsniai ALIBABA,5.00,100g,,,Prieskoniai / Grynieji prieskoniai,4262457391247,,
4760068001093,Ajvar Salad BURCU,4.35,315g,,Azerbaijan,Padažai - pastos ir užtepėlės / Padažai,4760068001093,,
3850104255120,Ajvar Sauce Delicates PODRAVKA,3.90,350g,,,Padažai - pastos ir užtepėlės / Padažai,3850104255120,,
3850104050565,Ajvar Sauce PODRAVKA,4.00,350g,,,Padažai - pastos ir užtepėlės / Padažai,3850104050565,,
8690508601766,Ajvar Sauce TUKAS,3.65,350g,,Turkey,Padažai - pastos ir užtepėlės / Padažai,8690508601766,,
8691573023125,Ajvar sauce (hot) BURCU,3.50,310g,,Turkey,Padažai - pastos ir užtepėlės / Padažai,8691573023125,,
3850104050572,Ajvar sauce (hot) PODRAVKA,4.90,690g,,,Padažai - pastos ir užtepėlės / Padažai,3850104050572,,
4008194304610,Ajvar sauce (hot) ŠOFKO,2.95,340g,,,Padažai - pastos ir užtepėlės / Padažai,4008194304610,,
3850104051012,Ajvar sauce (mild) PODRAVKA,4.90,690g,,,Padažai - pastos ir užtepėlės / Padažai,3850104051012,,
3850104051029,Ajvar sauce (mild) PODRAVKA,4.40,350g,,,Padažai - pastos ir užtepėlės / Padažai,3850104051029,,
6287005470869,Ajwa Datules AL SHARQ DATES,8.50,200g,,,Džiovinti vaisiai - daržovės / Džiovinti vaisiai,6287005470869,,
4770405227048,Akvile Natural mineral water,0.90,500ml,,,Gėrimai (sultys - gaivieji gėrimai) / Gaivieji gėrimai,4770405227048,,
4772122006302,Allspice pepper,3.99,70g,,,Prieskoniai / Prieskonių mišiniai,4772122006302,,
8022470227840,Almond Draje CONFETTI,8.00,500g,,Italy,Saldumynai (chalva - lokumas - šokoladas - batonėliai),8022470227840,,
8690949000067,Almond bar TEMPO,1.45,40g,,,Saldumynai (chalva - lokumas - šokoladas - batonėliai) / Batonėliai - sausainiai,8690949000067,,
8717973290841,Almond flour ANATOLIA,4.50,200g,,,Kruopos (ryžiai - makaronai - miltai - tortilijos) / Miltai,8717973290841,,
4250129821017,Almond nut bar FEYZA,1.10,40g,,,Saldumynai (chalva - lokumas - šokoladas - batonėliai) / Batonėliai - sausainiai,4250129821017,,
3155700000533,Almond oil HUILERIE DE LAPALISSE,10.99,250ml,,,Actas - aliejus / Aliejus,3155700000533,,
4260649141953,Almonds (Raw) DERMANN,4.35,200g,,,Riešutai - sėklos ir užkandžiai / Riešutai,4260649141953,,
4260649141960,Almonds (Roasted and salted) DERMANN,4.35,200g,,,Riešutai - sėklos ir užkandžiai / Riešutai,4260649141960,,
8717973290476,Almonds ANATOLIA,4.50,200g,,,Riešutai - sėklos ir užkandžiai / Riešutai,8717973290476,,
5900942137022,Aluminium Folio 29cm X 12 mt PACLAN,2.90,,,,Pramoninės prekės - higienos priemonės,5900942137022,,
4779024851740,Aluminium Folio 29cm X 60 mt STARPAKAS,9.50,,,,Pramoninės prekės - higienos priemonės / Pramoninės prekės,4779024851740,,
8691685005972,Alyvuogiu aliejaus šampūnas EYUP SABRI,8.50,600ml,,,Pramoninės prekės - higienos priemonės,8691685005972,,
4779030397041,Amaranth seeds,3.39,350g,,,Prieskoniai / Grynieji prieskoniai,4779030397041,,
8684477430113,Ananasų skonio gėrimas su baziliko sėklomis MONTANA,2.35,250ml,,,Gėrimai (sultys - gaivieji gėrimai) / Gaivieji gėrimai,8684477430113,,
8699580004021,Anise tea DOGADAN,2.99,40g,,,Arbata - kava / Žolelių arbata,8699580004021,,
8717552025048,Anyžiaus sėklos GULCAN,4.20,150g,,,Prieskoniai / Grynieji prieskoniai,8717552025048,,
8680618011241,Apatinės kelnaitės 0-6mėn,12.10,1vnt.,,,apranga,8680618011241,,
8680618005912,Apatinės kelnaitės 0-6mėn.,12.10,1vnt.,,,apranga,8680618005912,,
8680618600063,Apatinės kelnaitės 6-12mėn. (3vnt.),50.10,1vnt.,,,apranga,8680618600063,,
4262396735225,Apelsinu Dzemas HUNKAR,3.25,380g,,,,4262396735225,,
8697217081421,Apelsinų skonio tirpusis gėrimas USAS,3.95,250g,,,Gėrimai (sultys - gaivieji gėrimai) / Gaivieji gėrimai,8697217081421,,
5901067460019,Apple & Carrot & Strawberry Juice KUBUS,1.65,400ml,,,Gėrimai (sultys - gaivieji gėrimai) / Sultys - nektarai ir sulčių gėrimai,5901067460019,,
4779052061098,Apple BONSU,2.10,330ml,,,Gėrimai (sultys - gaivieji gėrimai) / Gaivieji gėrimai,4779052061098,,
4770569915393,Apple Juice GRANINI,1.89,250ml,,,Gėrimai (sultys - gaivieji gėrimai) / Sultys - nektarai ir sulčių gėrimai,4770569915393,,
8690816982861,Apple Vinegar FERSAN,3.49,500ml,,,Actas - aliejus / Actas,8690816982861,,
4860109430261,Apple chips,4.70,30g,,,Riešutai - sėklos ir užkandžiai,4860109430261,,
8690719102090,Apple tea DOĞUŞ,3.00,20vnt.,,Turkey,Arbata - kava / Vaisinė arbata,8690719102090,,
8717973290186,Apples with cinnamon ANATOLIA,4.90,200g,,,Arbata - kava / Vaisinė arbata,8717973290186,,
8690792013016,Apricot Jam GULSAN,3.00,380g,,,Sirupai - džemai - uogienės - sezamo pasta,8690792013016,,
8697436525089,Apricot Jam with Fruit Pieces CILOGLU,3.00,400g,,,Sirupai - džemai - uogienės - sezamo pasta,8697436525089,,
8691573095573,Apricot jam BURCU,2.50,380g,,,Sirupai - džemai - uogienės - sezamo pasta,8691573095573,,
4251354813792,Apricot jam GULCAN,2.50,380g,,,Sirupai - džemai - uogienės - sezamo pasta,4251354813792,,
4251354810401,Apricot jam GULCAN,2.50,380g,,,Sirupai - džemai - uogienės - sezamo pasta,4251354810401,,
6210062011409,Apricot paste SAHHA,3.95,400g,,,Padažai - pastos ir užtepėlės,6210062011409,,
8000070038967,Arabic Ground MERRILD,6.50,250g,,,Arbata - kava / Kava,8000070038967,,
8690661088053,Arbatiniai sausainiai GESAS,4.90,700g,,,Saldumynai (chalva - lokumas - šokoladas - batonėliai) / Batonėliai - sausainiai,8690661088053,,
8692952091551,Arbatos stiklinė LAV,7.50,,,,Pramoninės prekės - higienos priemonės / Pramoninės prekės,8692952091551,,
8001876002107,Arborio Rice COLAVITA,5.00,500g,,Italy,Kruopos (ryžiai - makaronai - miltai - tortilijos) / Ryžiai,8001876002107,,
8684477430090,Arbūzų ir braškių skonio gėrimas su bazilikų sėklomis MONTANA,2.40,250ml,,,Gėrimai (sultys - gaivieji gėrimai) / Gaivieji gėrimai,8684477430090,,
8691685014790,Argano aliejaus dušo želė EYUP SABRI,6.90,600ml,,,Pramoninės prekės - higienos priemonės,8691685014790,,
8717552025888,Argentina spice mix GÜLCAN,1.99,200g,,,Prieskoniai / Prieskonių mišiniai,8717552025888,,
8690576029806,Arpa Şehriye ANKARA,2.50,500g,,,Kruopos (ryžiai - makaronai - miltai - tortilijos) / Makaronai,8690576029806,,
8690946140001,Arpa Şehriye MUTLU,2.49,500g,,,Kruopos (ryžiai - makaronai - miltai - tortilijos) / Makaronai,8690946140001,,
8697401090147,Artichoke vinegar SENAY,3.80,500ml,,,Actas - aliejus / Actas,8697401090147,,
8691573024146,Artichokes BURCU,5.90,540g,,,Džiovinti vaisiai - daržovės,8691573024146,,
8680518470223,Astrus Bulguro Kotletai Cig Kofte CESA,9.95,,,,,8680518470223,,
8717552025659,Atlantic ocean Sea Salt GÜLCAN,1.10,400g,,,Prieskoniai / Grynieji prieskoniai,8717552025659,,
8682079004015,Atomo Arbata ZIYA DEDE,12.99,150g,,,,8682079004015,,
201605,Avienos prieskoniai,0.95,50g,,Turkey,Prieskoniai,201605,,
4260467596065,Avienos sūris CHORIKOS,4.50,150g,,,Pieno produktai / Pieno produktai,4260467596065,,
4260193514920,Avienos sūris YOREM,9.95,400g,,,Pieno produktai / Pieno produktai,4260193514920,,
4027394003550,Avies pieno jogurtas 5% riebumo YAYLA,2.75,250g,"Pieno produktai yra svarbiausios YAYLA produktų asortimento dalys, todėl jie yra perdirbami ir gaminami tik iš aukščiausios kokybės, pripažintų, sertifikuotų, ekologiškai tvarių Europos ūkių ingredientų. Gamyba vykdoma naudojant moderniausias technologijas, kurios atitinka reikalavimus energijos vartojimo efektyvumo, tvarumo ir kokybės atžvilgiu. Klientai gauna produktą, kuriuo gali mėgautis žinodami, jog jis buvo pagamintas atsakingai ir kokybiškai.",,Pieno produktai / Pieno produktai,4027394003550,,
5701638110240,Avių sūris SUTDIYARI,5.95,200g,,,Pieno produktai / Pieno produktai,5701638110240,,
3155700001424,Avocado oil HUIKERIE DE LAPALISSE,8.90,250ml,,,Actas - aliejus / Aliejus,3155700001424,,
4260193516023,Ayran Yoghurt Drink YOREM,1.00,244ml,,,Pieno produktai / Pieno produktai,4260193516023,,
4027394036909,Ayran yoghurt drink YAYLA,1.00,250ml,"„Ayran“ natūralaus jogurto gėrimas pasižymintis šiek tiek sūriu skoniu ne tik atgaivina, bet ir turi daug naudingųjų savybių. Šis gėrimas skatina žarnyno veiklą, suteikia sotumo jausmą. Jeigu dėl įtampos neužmiegate vakarais, valandą prieš miegą išgerkite „Ayran“, sakoma, jog jis nuramins ir lengviau užmigsite. Sveika ir skanu!",,Pieno produktai / Pieno produktai,4027394036909,,
4027394003635,Ayran yoghurt drink YAYLA,6.00,1000ml,"„Ayran“ natūralaus jogurto gėrimas pasižymintis šiek tiek sūriu skoniu ne tik atgaivina, bet ir turi daug naudingųjų savybių. Šis gėrimas skatina žarnyno veiklą, suteikia sotumo jausmą. Jeigu dėl įtampos neužmiegate vakarais, valandą prieš miegą išgerkite „Ayran“, sakoma, jog jis nuramins ir lengviau užmigsite. Sveika ir skanu!",,Pieno produktai / Pieno produktai,4027394003635,,
4027394003048,Ayran yoghurt drink YAYLA,1.50,330ml,"„Ayran“ natūralaus jogurto gėrimas pasižymintis šiek tiek sūriu skoniu ne tik atgaivina, bet ir turi daug naudingųjų savybių. Šis gėrimas skatina žarnyno veiklą, suteikia sotumo jausmą.    Jeigu dėl įtampos neužmiegate vakarais, valandą prieš miegą išgerkite „Ayran“, sakoma, jog jis nuramins ir lengviau užmigsite.  Sveika ir skanu!",,Pieno produktai / Pieno produktai,4027394003048,,
4027394003734,Ayran yoghurt drink YAYLA,1.20,330ml,"Pieno produktai yra svarbiausios YAYLA produktų asortimento dalys, todėl jie yra perdirbami ir gaminami tik iš aukščiausios kokybės, pripažintų, sertifikuotų, ekologiškai tvarių Europos ūkių ingredientų. Gamyba vykdoma naudojant moderniausias technologijas, kurios atitinka reikalavimus energijos vartojimo efektyvumo, tvarumo ir kokybės atžvilgiu. Klientai gauna produktą, kuriuo gali mėgautis žinodami, jog jis buvo pagamintas atsakingai ir kokybiškai.",,Pieno produktai / Pieno produktai,4027394003734,,
4027394003086,Ayran yoghurt drink YAYLA,1.00,250ml,,,Pieno produktai / Pieno produktai,4027394003086,,
4027394023008,Ayran yoghurt drink YAYLA Lactose free,2.75,1000ml,"„Ayran“ natūralaus jogurto gėrimas pasižymintis šiek tiek sūriu skoniu ne tik atgaivina, bet ir turi daug naudingųjų savybių. Šis gėrimas skatina žarnyno veiklą, suteikia sotumo jausmą. Jeigu dėl įtampos neužmiegate vakarais, valandą prieš miegą išgerkite „Ayran“, sakoma, jog jis nuramins ir lengviau užmigsite. Sveika ir skanu!",,Pieno produktai / Pieno produktai,4027394023008,,
4027394003741,Ayran yogurt drink YAYLA,3.00,1000ml,"„Ayran“ natūralaus jogurto gėrimas pasižymintis šiek tiek sūriu skoniu ne tik atgaivina, bet ir turi daug naudingųjų savybių. Šis gėrimas skatina žarnyno veiklą, suteikia sotumo jausmą.    Jeigu dėl įtampos neužmiegate vakarais, valandą prieš miegą išgerkite „Ayran“, sakoma, jog jis nuramins ir lengviau užmigsite.  Sveika ir skanu!",,Pieno produktai / Pieno produktai,4027394003741,,
4027394040005,Ayran yogurt drink with mint YAYLA,3.00,1000ml,"„Ayran“ natūralaus jogurto gėrimas pasižymintis šiek tiek sūriu skoniu ne tik atgaivina, bet ir turi daug naudingųjų savybių. Šis gėrimas skatina žarnyno veiklą, suteikia sotumo jausmą. Jeigu dėl įtampos neužmiegate vakarais, valandą prieš miegą išgerkite „Ayran“, sakoma, jog jis nuramins ir lengviau užmigsite. Sveika ir skanu!",,Pieno produktai / Pieno produktai,4027394040005,,
8697436520633,Aštrios kopūstų salotos EFENDILER,2.99,330g,,,Konservuotas maistas / Konservuotos daržovės,8697436520633,,
8693234333215,Aštrios raudonųjų ropių sultys 330ml GULCAN,0.99,1000ml,,,Gėrimai (sultys - gaivieji gėrimai) / Sultys - nektarai ir sulčių gėrimai,8693234333215,,
8853662060460,Aštrus Sriracha padažas su kanapėmis,6.95,455ml,,Thailand,Padažai - pastos ir užtepėlės / Padažai,8853662060460,,
8853662060453,Aštrus Sriracha padažas su kanapėmis,5.95,200ml,,Thailand,Padažai - pastos ir užtepėlės / Padažai,8853662060453,,
8697464690919,Aštrūs kviečių traškučiai su čiobreliais HASIROGLU 225g.,5.90,200g,,,Riešutai - sėklos ir užkandžiai / Užkandžiai,8697464690919,,
201601,Aštrūs pipirai malta,1.25,50g,,Turkey,Prieskoniai,201601,,
4262457390134,Aštrūs pipirai malta ALIBABA,3.90,100g,,,Prieskoniai / Grynieji prieskoniai,4262457390134,,
4262457390110,Aštrūs čili paprikų dribsniai ALIBABA,3.75,100g,,,Prieskoniai / Grynieji prieskoniai,4262457390110,,
8711327403864,BALTIJA vaniles ledai,2.35,150ml,,,Pieno produktai / Pieno produktai,8711327403864,,
8425408221413,BBQ Flavored Roasted corn CASAMAYOR,4.90,250g,,,Riešutai - sėklos ir užkandžiai / Riešutai,8425408221413,,
5900259106667,BBQ Flavoured DORITOS,3.25,100g,,,Riešutai - sėklos ir užkandžiai / Riešutai,5900259106667,,
4027394095364,BBQ garlic sausage for grilling YAYLA,6.90,250g,,,Mėsos ir paukštienos gaminiai,4027394095364,,
8690637805219,BBQ sauce Calve 290g,3.60,300g,,,Padažai - pastos ir užtepėlės / Padažai,8690637805219,,
4779031860582,BCAA juodųjų serbentų skonio HEALTHY CHOICE,63.00,400g,,,Sveikatos produktai,4779031860582,,
4860019001636,BORJOMI Gazuotas,2.85,1000ml,,,Gėrimai (sultys - gaivieji gėrimai) / Vanduo,4860019001636,,
4860019002879,BORJOMI With Citrus & Ginger,0.95,330ml,,,Gėrimai (sultys - gaivieji gėrimai) / Gaivieji gėrimai,4860019002879,,
4860019002886,BORJOMI With Lime,1.45,330ml,,,Gėrimai (sultys - gaivieji gėrimai) / Gaivieji gėrimai,4860019002886,,
4860019001629,BORJOMI gazuotas,1.90,500ml,,,Gėrimai (sultys - gaivieji gėrimai) / Vanduo,4860019001629,,
4860019002091,BORJOMI gazuotas vanduo,3.45,1250ml,,,Gėrimai (sultys - gaivieji gėrimai) / Vanduo,4860019002091,,
8691685019443,Baby Oil With Natural Olive Oil  EYUP SABRI,8.90,280ml,,,Pramoninės prekės - higienos priemonės,8691685019443,,
8691685003916,Baby Shampoo with Olive oil EYUP SABRI,9.49,600ml,,Turkey,Pramoninės prekės - higienos priemonės,8691685003916,,
8691573012105,Baby okra BURCU,4.50,550g,,,Konservuotas maistas,8691573012105,,
8695876206261,Bahceden Hazelnut Bar,0.75,30g,,,Saldumynai (chalva - lokumas - šokoladas - batonėliai) / Batonėliai - sausainiai,8695876206261,,
8695876206254,Bahceden Pistachio Bar,0.75,30g,,,Saldumynai (chalva - lokumas - šokoladas - batonėliai) / Batonėliai - sausainiai,8695876206254,,
8690777324076,Baked Okra in Olive Oil SERA,5.99,300g,,,Ekologiškos prekės / Konservuotas maistas,8690777324076,,
4779036300182,Baking Sheet AMBER ,3.50,,,,Pramoninės prekės - higienos priemonės / Pramoninės prekės,4779036300182,,
2098765908912,Baking Soda EXTRA LINE,2.50,500g,,,Prieskoniai / Grynieji prieskoniai,2098765908912,,
4262396732330,Baking Soda HUNKAR,2.25,300g,,,Prieskoniai / Grynieji prieskoniai,4262396732330,,
4779043780274,Baking Soda TM,1.75,400g,,,Prieskoniai / Grynieji prieskoniai,4779043780274,,
8690906401050,Baking powder BAŞAK,1.50,50g,,Turkey,Kruopos (ryžiai - makaronai - miltai - tortilijos) / Miltai,8690906401050,,
8717552025239,Baking soda GÜLCAN,1.90,400g,,,Prieskoniai / Grynieji prieskoniai,8717552025239,,
8682276236653,Baking tin 30cm KOCHMASTER,19.00,1vnt.,,,Pramoninės prekės - higienos priemonės / Pramoninės prekės,8682276236653,,
8682276236639,Baking tin 30cm KOCHMASTER,19.00,1vnt.,,,Pramoninės prekės - higienos priemonės / Pramoninės prekės,8682276236639,,
8682276236677,Baking tins 4pcs. KOCHMASTER,7.99,4vnt.,,,Pramoninės prekės - higienos priemonės / Pramoninės prekės,8682276236677,,
0008,Baklava Dideliš,3.95,,,,Saldumynai (chalva - lokumas - šokoladas - batonėliai),8,,
0009,Baklava Mažukas su kakava,1.90,,,,Saldumynai (chalva - lokumas - šokoladas - batonėliai),9,,
0007,Baklava mažukas,1.50,,,,Saldumynai (chalva - lokumas - šokoladas - batonėliai),7,,
4260143890081,Baklava triangles with walnuts and hazelnuts TATLICILAR,10.90,800g,"Sudėtis: cukrus, vanduo, kvietiniai miltai, augaliniai riebalai ir aliejai (palmių, kanolos), graikiniai riešutai, kiaušiniai, lazdyno riešutai, gliukozės sirupas, druska, rūgštingumą reguliuojanti medžiaga: citrinos rūgštis, kukurūzų krakmolas. Sudėtyje gali būti gliuteno, kiaušinių, riešutų pėdsakų. \n100g produkto energinė/maistinė vertė: energinė vertė: 1564,1kJ/373,5kcal; riebalai: 20,7g (iš kurių sočiųjų riebalų rūgščių 6,9g); angliavandeniai: 43,7g (iš kurių cukrų: 30,2g); baltymai: 3,2g; druska: 0g. \nKilmės šalis: Turkija.",,Saldumynai (chalva - lokumas - šokoladas - batonėliai),4260143890081,,
4260143890098,Baklava with pistachios and other nuts TATLICILAR,12.90,800g,"Sudėtis: cukrus, vanduo, kvietiniai miltai, sviestas, augaliniai riebalai ir aliejai (palmių, rapsų), kiaušiniai, pistacijų riešutai, graikiniai riešutai, gliukozės sirupas, lazdyno riešutai, druska, rūgštingumą reguliuojanti medžiaga: citrinos rūgštis, kukurūzų krakmolas, vaisių ir daržovių akstraktai (spirulina, saponaria). Sudėtyje gali būti gliuteno, laktozės, kiaušinių, riešutų pėdsakų. \n100g produkto energinė/maistinė vertė: energinė vertė: 1562,9kJ/373,2kcal; riebalai: 20,6g (iš kurių sočiųjų riebalų rūgščių 8,2g); angliavandeniai: 43,7g (iš kurių cukrų: 30,2g); baltymai: 3,2g; druska: 0g. \nKilmės šalis: Turkija.",,Saldumynai (chalva - lokumas - šokoladas - batonėliai),4260143890098,,
8030467000666,Baldo rice BURCU,2.90,1000g,"Baldo ryžiai - laikomi pačios geriausios kokybės ryžiais, kurie auginami Turkijoje. Balikesir regione auginami ryžiai yra tinkamiausi gaminti plovui. Turkiški baldo ryžiai yra krakmolingi ir gali sugerti daug drėgmės, todėl išvirę jie turi kreminę tekstūrą, todėl puikiai tinka gaminti paeliją ir turkiškus plovus. Prieš verdant baldo ryžius rekomenduojama juos 10 minučių pamirkyti vandenyje. Vienai stiklinei baldo ryžių reikia 1,5 stiklinės vandens.",,Kruopos (ryžiai - makaronai - miltai - tortilijos) / Ryžiai,8030467000666,,
8691440305231,Baldo rice DURU,5.90,1000g,"Baldo ryžiai - laikomi pačios geriausios kokybės ryžiais, kurie auginami Turkijoje. Balikesir regione auginami ryžiai yra tinkamiausi gaminti plovui. Turkiški baldo ryžiai yra krakmolingi ir gali sugerti daug drėgmės, todėl išvirę jie turi kreminę tekstūrą, todėl puikiai tinka gaminti paeliją ir turkiškus plovus. Prieš verdant baldo ryžius rekomenduojama juos 10 minučių pamirkyti vandenyje. Vienai stiklinei baldo ryžių reikia 1,5 stiklinės vandens.",,Kruopos (ryžiai - makaronai - miltai - tortilijos) / Ryžiai,8691440305231,,
86974226678,Baldo rice MIS,3.90,,,,Kruopos (ryžiai - makaronai - miltai - tortilijos) / Ryžiai,86974226678,,
4027394001334,Baldo rice YAYLA,5.50,900g,"Baldo ryžiai - laikomi pačios geriausios kokybės ryžiais, kurie auginami Turkijoje. Balikesir regione auginami ryžiai yra tinkamiausi gaminti plovui. Turkiški baldo ryžiai yra krakmolingi ir gali sugerti daug drėgmės, todėl išvirę jie turi kreminę tekstūrą, todėl puikiai tinka gaminti paeliją ir turkiškus plovus. Prieš verdant baldo ryžius rekomenduojama juos 10 minučių pamirkyti vandenyje. Vienai stiklinei baldo ryžių reikia 1,5 stiklinės vandens.",Turkey,Kruopos (ryžiai - makaronai - miltai - tortilijos) / Ryžiai,4027394001334,,
8437002760076,Balsamic Vinegar with Figs GOOD FIG,6.90,250ml,,,Actas - aliejus / Actas,8437002760076,,
8014347106440,Balsamic vinegar Di Modena CARANDINI,3.50,500ml,,,Actas - aliejus / Actas,8014347106440,,
4262396736093,Baltasis Actas HUNKAR,3.90,500ml,,,Actas - aliejus / Actas,4262396736093,,
5701638140018,Baltasis fetos sūris YESILOVA,9.90,800g,,,Pieno produktai / Sūris,5701638140018,,
8683417000201,Baltasis šokoladas su lazdynai TADELLE,1.45,30g,,,,8683417000201,,
6901083396698,Balti krevečių krekeriai SKYBIRD,1.65,227g,Paruošimo būdas: gruzdinkite krekerius įkaitintame augaliniame aliejuje.,,Saldumynai (chalva - lokumas - šokoladas - batonėliai) / Batonėliai - sausainiai,6901083396698,,
8717552025024,Baltieji pipirai GULCAN,1.90,200g,,,Prieskoniai / Grynieji prieskoniai,8717552025024,,
201626,Baltieji pipirai Malta,1.10,50g,,Turkey,Prieskoniai,201626,,
201625,Baltieji pipirai seklos,1.00,50g,,Turkey,Prieskoniai,201625,,
4260452872686,Baltojo cukraus avinžirniai ALIBABA,1.75,150g,,,Riešutai - sėklos ir užkandžiai / Riešutai,4260452872686,,
4251354800372,Baltosios pupelės GULCAN,0.00,1000g,,,Ankštiniai (pupos - žirniai - avinžirniai - lęšiai) / Žirniai ir pupos,4251354800372,,
8690777014182,Baltosios pupelės pomidorų padaže HUNKAR,3.90,300g,,,Ankštiniai (pupos - žirniai - avinžirniai - lęšiai) / Žirniai ir pupos,8690777014182,,
8690508302311,Baltosios pupelės pomidorų padaže HUNKAR (kopija),3.95,300g,,,Ankštiniai (pupos - žirniai - avinžirniai - lęšiai) / Žirniai ir pupos,8690508302311,,
8683508073732,Baltuoju šokoladu Dengtas Vaflis su `Baklava` Skonio COKONAT,1.99,30g,,,Saldumynai (chalva - lokumas - šokoladas - batonėliai) / Šokoladas,8683508073732,,
8594197920262,Bamboo fiber tableware,16.00,1vnt.,,,Pramoninės prekės - higienos priemonės / Pramoninės prekės,8594197920262,,
8594197920248,Bamboo fiber tableware,16.00,1vnt.,,,Pramoninės prekės - higienos priemonės / Pramoninės prekės,8594197920248,,
4262396731067,Banana Chips HUNKAR,1.49,200g,,,Riešutai - sėklos ir užkandžiai / Riešutai,4262396731067,,
8690629444884,Banana flavoured puding DR. OETKER,1.49,120g,,,Kruopos (ryžiai - makaronai - miltai - tortilijos) / Miltai,8690629444884,,
8718226323019,Banana fruit Drink MAAZA,2.49,1000ml,,,Gėrimai (sultys - gaivieji gėrimai) / Sultys - nektarai ir sulčių gėrimai,8718226323019,,
8690906001786,Banana jelly BASAK,0.95,100g,,,Kruopos (ryžiai - makaronai - miltai - tortilijos) / Miltai,8690906001786,,
4779030395207,Barberry berries,3.77,60g,,,Džiovinti vaisiai - daržovės / Džiovinti vaisiai,4779030395207,,
8718531642096,Barberry berries NAZ,5.50,200g,,,Džiovinti vaisiai - daržovės / Džiovinti vaisiai,8718531642096,,
8001876043445,Based on extra virgin olive oil with chili pepper COLAVITA,7.09,250ml,,,Actas - aliejus / Aliejus,8001876043445,,
8001876043643,Basil Essence Olive Oil COLAVITA,2.90,250ml,,Italy,Actas - aliejus / Aliejus,8001876043643,,
8855044044327,Basil seed Drink with Blueberry flavour RANY,2.75,290ml,,,Gėrimai (sultys - gaivieji gėrimai) / Gaivieji gėrimai,8855044044327,,
8855044044419,Basil seed Drink with Grape flavour RANY ,2.75,290ml,,,Gėrimai (sultys - gaivieji gėrimai) / Gaivieji gėrimai,8855044044419,,
8859017901761,Basil seed Drink with Lychee flavour RANY,2.75,290ml,,,Gėrimai (sultys - gaivieji gėrimai) / Gaivieji gėrimai,8859017901761,,
8855044044358,Basil seed Drink with Lychee flavour RANY,2.75,290ml,,,Gėrimai (sultys - gaivieji gėrimai) / Gaivieji gėrimai,8855044044358,,
8855044044372,Basil seed Drink with Mango flavour RANY  ,2.75,290ml,,,Gėrimai (sultys - gaivieji gėrimai) / Gaivieji gėrimai,8855044044372,,
8855044044402,Basil seed Drink with Orange flavour RANY,2.75,290ml,,,Gėrimai (sultys - gaivieji gėrimai) / Gaivieji gėrimai,8855044044402,,
8855044044334,Basil seed Drink with Pomegranate flavour RANY ,2.75,290ml,,,Gėrimai (sultys - gaivieji gėrimai) / Gaivieji gėrimai,8855044044334,,
8859017901792,Basil seed Drink with Red Grape flavour RANY,2.75,290ml,,,Gėrimai (sultys - gaivieji gėrimai) / Gaivieji gėrimai,8859017901792,,
8855044044389,Basil seed Drink with Strawberry flavour RANY ,2.75,290ml,,,Gėrimai (sultys - gaivieji gėrimai) / Gaivieji gėrimai,8855044044389,,
8855044044365,Basil seed Drink with cocktail flavour RANY,2.75,290ml,,,Gėrimai (sultys - gaivieji gėrimai) / Gaivieji gėrimai,8855044044365,,
8691440307594,Basmati Rice DURU,14.99,5000g,,Turkey,Kruopos (ryžiai - makaronai - miltai - tortilijos) / Ryžiai,8691440307594,,
4262390841861,Basmati Rice Long AKRAMI,4.49,907g,,Pakistan,Kruopos (ryžiai - makaronai - miltai - tortilijos) / Ryžiai,4262390841861,,
6281100411109,Basmati Ryziai ABU KASS,7.00,900g,,,Kruopos (ryžiai - makaronai - miltai - tortilijos) / Ryžiai,6281100411109,,
4260583640055,Basmati rice DIBA,4.50,907g,"Basmati ryžiai viena populiariausių ilgagrūdžių ryžių rūšis, plačiai naudojama Artimųjų rytų šalyse. Basmati ryžiai turi nesmarkiai jaučiamą riešutų ir gėlių aromatą, ir nors išvirti jie turi lengvą ir švelnų skonį, tačiau yra aromatingi. Basmati nėra lipnūs, todėl puikiai dera kaip garnyras prie mėsos ar žuvies patiekalų. Prieš verdant basmati ryžius, rekomenduojama juos prieš tai 10 minučių pamirkyti vandenyje. Vienai stiklinei ryžių reikia 3 stiklinių vandens.",,Kruopos (ryžiai - makaronai - miltai - tortilijos) / Ryžiai,4260583640055,,
6251136021795,Basmati rice DURRA,5.90,900g,,,Kruopos (ryžiai - makaronai - miltai - tortilijos) / Ryžiai,6251136021795,,
8691440307587,Basmati rice DURU,5.00,1000g,"Basmati ryžiai viena populiariausių ilgagrūdžių ryžių rūšis, plačiai naudojama Artimųjų rytų šalyse. Basmati ryžiai turi nesmarkiai jaučiamą riešutų ir gėlių aromatą, ir nors išvirti jie turi lengvą ir švelnų skonį, tačiau yra aromatingi. Basmati nėra lipnūs, todėl puikiai dera kaip garnyras prie mėsos ar žuvies patiekalų. Prieš verdant basmati ryžius, rekomenduojama juos prieš tai 10 minučių pamirkyti vandenyje. Vienai stiklinei ryžių reikia 3 stiklinių vandens.",Turkey,Kruopos (ryžiai - makaronai - miltai - tortilijos) / Ryžiai,8691440307587,,
8697449901351,Basmati rice Premium MAHMOOD,6.99,900g,,Pakistan,Kruopos (ryžiai - makaronai - miltai - tortilijos) / Ryžiai,8697449901351,,
8697449904444,Basmati rice Premium MAHMOOD,19.90,4500g,,Pakistan,Kruopos (ryžiai - makaronai - miltai - tortilijos) / Ryžiai,8697449904444,,
8680417214232,Basmati rice Premium MAHMOOD,19.95,,,,,8680417214232,,
8697449904093,Basmati rice XXL MAHMOOD,3.50,907g,,Pakistan,Kruopos (ryžiai - makaronai - miltai - tortilijos) / Ryžiai,8697449904093,,
8717552099896,Bay leaves NAZILE,2.49,35g,,,Džiovinti vaisiai - daržovės,8717552099896,,
6958560907236,Bean Thread VERMICELLI,3.50,100g,,,Kruopos (ryžiai - makaronai - miltai - tortilijos) / Makaronai,6958560907236,,
8410505312621,Beans GARRIDO,1.99,570g,,,Ankštiniai (pupos - žirniai - avinžirniai - lęšiai) / Žirniai ir pupos,8410505312621,,
8691216020771,Bear gummies HARIBO (Halal),1.50,100g,,,Saldumynai (chalva - lokumas - šokoladas - batonėliai),8691216020771,,
4260157580886,Bee Pollen BURAM,7.49,110g,,Turkey,Sirupai - džemai - uogienės - sezamo pasta / Sirupai,4260157580886,,
4260157571495,Bee pollen BURAM,12.50,220g,,,Sirupai - džemai - uogienės - sezamo pasta / Sirupai,4260157571495,,
8690906006590,Beef broth in cubes BASAK,2.60,100g,,,Mėsos ir paukštienos gaminiai,8690906006590,,
4027394072600,Beef sausage FULYA,5.99,400g,,,Mėsos ir paukštienos gaminiai / Rūkyti gaminiai,4027394072600,,
4027394007213,Beef sausage FULYA,9.99,700g,,,Mėsos ir paukštienos gaminiai,4027394007213,,
4027394074413,Beef sausages Sigir Sosis FULYA,7.99,400g,,,Mėsos ir paukštienos gaminiai / Rūkyti gaminiai,4027394074413,,
4027394004007,Beef sausages YAYLA,9.99,500g,"Visi YAYLA mėsos gaminiai yra sertifikuoti pagal Europos standartus. Halal sertifikatas taip pat užtikrinamas visiems YAYLA maisto produktams. Ypatingas dėmėsys ingredientų pasirinkimui, perdirbimui ir paruošimui yra pagrindinės priežastys, dėl kurių YAYLA produktai yra tokie skanūs.",,Mėsos ir paukštienos gaminiai / Rūkyti gaminiai,4027394004007,,
8690105000429,Bergamot flavored black tea CAYKUR,4.90,125g,,,Arbata - kava / Juodoji arbata,8690105000429,,
8690105004823,Bergamot flavoured ice tea DIDI,1.09,250ml,,,Gėrimai (sultys - gaivieji gėrimai) / Gaivieji gėrimai,8690105004823,,
8690105005370,Bergamot flavoured ice tea DIDI,2.50,1000ml,,,Gėrimai (sultys - gaivieji gėrimai) / Gaivieji gėrimai,8690105005370,,
4262396730497,Big dry Chickpea HUNKAR,7.00,1000g,,,Ankštiniai (pupos - žirniai - avinžirniai - lęšiai) / Avinžirniai,4262396730497,,
8717552025772,Biryani spice mix GÜLCAN,6.50,180g,,,Prieskoniai / Prieskonių mišiniai,8717552025772,,
8690504010104,Biscuit with Chocolate Ikram ULKER,2.20,84g,,Turkey,Saldumynai (chalva - lokumas - šokoladas - batonėliai) / Batonėliai - sausainiai,8690504010104,,
8690120047997,Biscuit with hazelnut cream TORKU,2.99,244g,,,Saldumynai (chalva - lokumas - šokoladas - batonėliai) / Batonėliai - sausainiai,8690120047997,,
8690120048017,Biscuit with plain cream TORKU,2.70,244g,,,Saldumynai (chalva - lokumas - šokoladas - batonėliai) / Batonėliai - sausainiai,8690120048017,,
6253802260620,Biscuits with date filling HAMDAN,4.99,400g,,,Saldumynai (chalva - lokumas - šokoladas - batonėliai) / Batonėliai - sausainiai,6253802260620,,
6253802260736,Biscuits with lokum filling HAMDAN,3.99,440g,,,Saldumynai (chalva - lokumas - šokoladas - batonėliai) / Batonėliai - sausainiai,6253802260736,,
8693029041387,Biskvitiniai sausainiai su zefyru ir kokosu Today,2.80,200g,,,Saldumynai (chalva - lokumas - šokoladas - batonėliai) / Batonėliai - sausainiai,8693029041387,,
8693029041394,Biskvitiniai sausainiai su zefyru ir kokosu Today.,2.85,200g,,,Saldumynai (chalva - lokumas - šokoladas - batonėliai) / Batonėliai - sausainiai,8693029041394,,
8698583860061,Bičių Korių medus ALIBABA,6.00,230g,,,Sirupai - džemai - uogienės - sezamo pasta / Sirupai,8698583860061,,
8698583860054,Bičių Korių medus ALIBABA,8.00,400g,,,Sirupai - džemai - uogienės - sezamo pasta / Sirupai,8698583860054,,
8717703791488,Black Beans MIRAS,5.90,900g,,,Ankštiniai (pupos - žirniai - avinžirniai - lęšiai) / Žirniai ir pupos,8717703791488,,
4041954160606,Black Ceylon Tea MEVLEVI,5.00,250g,,,Arbata - kava / Juodoji arbata,4041954160606,,
8690738000254,Black Ceylon tea Colombo ORIENT,9.99,500g,,,Arbata - kava / Juodoji arbata,8690738000254,,
4021209000123,Black Ceylon tea Goran MEVLANA,14.99,500g,,,Arbata - kava / Juodoji arbata,4021209000123,,
4012625530578,Black Ceylon tea MARMARA,9.00,400g,,Sri Lanka,Arbata - kava / Juodoji arbata,4012625530578,,
4032489010405,Black Ceylon tea TANAY,3.00,100g,,,Arbata - kava / Juodoji arbata,4032489010405,,
4032489010207,Black Ceylon tea TANAY,4.99,250g,,,Arbata - kava / Juodoji arbata,4032489010207,,
4032489010108,Black Ceylon tea TANAY,8.00,500g,,,Arbata - kava / Juodoji arbata,4032489010108,,
4032489012065,Black Ceylon tea TANAY,8.99,500g,,,Arbata - kava / Juodoji arbata,4032489012065,,
9004152131705,Black Ceylon tea with bergamot Colombo OMSIA,6.50,400g,,,Arbata - kava / Juodoji arbata,9004152131705,,
8699924360646,Black Cummin Seed Oil RESITOGLU,25.50,250ml,,,Actas - aliejus / Aliejus,8699924360646,,
8690719100386,Black Earl Gray tea in bags DOĞUŞ,4.99,48vnt.,,,Arbata - kava / Juodoji arbata,8690719100386,,
8720301100514,Black Glutinous Rice ROYAL TIGER,7.50,1000g,,,Kruopos (ryžiai - makaronai - miltai - tortilijos) / Ryžiai,8720301100514,,
8690719100324,Black Label Tea DOGUS,1.49,50g,,Turkey,Arbata - kava / Juodoji arbata,8690719100324,,
4027394009347,Black Mega olives YAYLA,2.50,500g,,,Alyvuogės / Juodosios alyvuogės,4027394009347,,
8690103292437,Black Olive MARMARABIRLIK,7.50,800g,,,Alyvuogės / Juodosios alyvuogės,8690103292437,,
8690103292550,Black Olive MARMARABIRLIK,9.50,400g,,Turkey,Alyvuogės / Juodosios alyvuogės,8690103292550,,
8690103292888,Black Olive S MARMARABIRLIK,7.50,800g,,Turkey,Alyvuogės / Juodosios alyvuogės,8690103292888,,
4262396732972,Black Olives HUNKAR,9.99,700g,,Turkey,Alyvuogės / Juodosios alyvuogės,4262396732972,,
4027394009354,Black Olives YAYLA,7.99,1000g,,Turkey,Alyvuogės / Juodosios alyvuogės,4027394009354,,
8695336111012,Black Olives with oil `GEMLIK` BAGCI,10.00,400g,,,Alyvuogės / Juodosios alyvuogės,8695336111012,,
4262396730022,Black Raisins HUNKAR,7.90,400g,,,Džiovinti vaisiai - daržovės / Džiovinti vaisiai,4262396730022,,
8850206061259,Black Soy Sauce DEK SOM BOON,6.49,300ml,,,Padažai - pastos ir užtepėlės / Padažai,8850206061259,,
8690105004649,Black Tea ALTINBAS,3.99,100g,,,Arbata - kava / Juodoji arbata,8690105004649,,
4760062101805,Black Tea AZERCAY,3.25,50g,,,Arbata - kava / Juodoji arbata,4760062101805,,
8690719102793,Black Tea With Bergamot DOGUS,1.99,100g,,Turkey,Arbata - kava / Juodoji arbata,8690719102793,,
8690105004663,Black Tea with Bergamote ALTINBAS CAYKUR,3.99,100g,,,Arbata - kava / Juodoji arbata,8690105004663,,
8690105004687,Black Tea with Clove ALTINBAS CAYKUR,4.20,100g,,,Arbata - kava / Juodoji arbata,8690105004687,,
8691573896026,Black beans BURCU,4.20,1000g,,,,8691573896026,,
4779030397027,Black cumin,4.00,200g,,,,4779030397027,,
8690105001709,Black earl gray tea TOMURCUK ÇAYKUR,6.50,200g,,,Arbata - kava / Juodoji arbata,8690105001709,,
4251354800792,Black eyed beans GÜLCAN,6.50,1000g,,,,4251354800792,,
8680419501064,Black eyed beans YURTTAN,4.40,1000g,,,,8680419501064,,
4779030395870,Black mustard grains,3.49,120g,,,,4779030395870,,
8695336109156,Black olives (2XS) BAĞCI,9.99,900g,,,Alyvuogės / Juodosios alyvuogės,8695336109156,,
8690103294882,Black olives (2XS) MARMARABIRLIK,7.50,800g,,Turkey,Alyvuogės / Juodosios alyvuogės,8690103294882,,
8690103294387,Black olives (2XS) MARMARABIRLIK,8.50,400g,,Turkey,Alyvuogės / Juodosios alyvuogės,8690103294387,,
8690103114531,Black olives (3XS) MARMARABIRLIK,7.50,500g,,,Alyvuogės / Juodosios alyvuogės,8690103114531,,
8690103116535,Black olives (L) MARMARABIRLIK,6.75,500g,,,Alyvuogės / Juodosios alyvuogės,8690103116535,,
8690103111530,Black olives (M) MARMARABIRLIK,7.99,500g,,,Alyvuogės / Juodosios alyvuogės,8690103111530,,
8695336110510,Black olives (XS) BAĞCI,9.90,430g,,,Alyvuogės / Juodosios alyvuogės,8695336110510,,
8693891400503,Black olives 2XL ONCU,8.00,500g,,,Alyvuogės / Juodosios alyvuogės,8693891400503,,
8695336110206,Black olives AHI,4.00,700g,,Turkey,Alyvuogės / Juodosios alyvuogės,8695336110206,,
8695336111050,Black olives BAGCI,13.09,900g,,,Alyvuogės / Juodosios alyvuogės,8695336111050,,
8695336109163,Black olives BAGCI,9.99,790g,,,Alyvuogės / Juodosios alyvuogės,8695336109163,,
8697436560455,Black olives EFENDILER,4.90,300g,,,Alyvuogės / Juodosios alyvuogės,8697436560455,,
8697436570454,Black olives Ekstra EFENDILER,6.90,600g,,,Alyvuogės / Juodosios alyvuogės,8697436570454,,
8697436561339,Black olives Gold EFENDILER,5.50,300g,,,Alyvuogės / Juodosios alyvuogės,8697436561339,,
8695336110503,Black olives Gurme BAĞCI,9.95,400g,,,Alyvuogės / Juodosios alyvuogės,8695336110503,,
8695336110824,Black olives Kuru Sele BAGCI,8.50,400g,,,Alyvuogės / Juodosios alyvuogės,8695336110824,,
8693891400534,Black olives M ONCU,6.09,500g,,,Alyvuogės / Juodosios alyvuogės,8693891400534,,
8697436522415,Black olives Pasa EFENDILER,5.99,310g,,,Alyvuogės / Juodosios alyvuogės,8697436522415,,
6217881182112,Black olives Tofahy SETALKEL,5.99,650g,,,Alyvuogės / Juodosios alyvuogės,6217881182112,,
8690103119536,Black olives XL MARMARABIRLIK,7.00,500g,,,Alyvuogės / Juodosios alyvuogės,8690103119536,,
8693891400527,Black olives XL ONCU,7.85,500g,,,Alyvuogės / Juodosios alyvuogės,8693891400527,,
4027394009316,Black olives YAYLA,5.45,500g,,,Alyvuogės / Juodosios alyvuogės,4027394009316,,
8698566680808,Black olives YESIM,4.50,500g,,,Alyvuogės / Juodosios alyvuogės,8698566680808,,
8690103910263,Black olives in oil MARMARABIRLIK,3.99,450g,,,Alyvuogės / Juodosios alyvuogės,8690103910263,,
6217881282119,Black olives stuffed with thyme SETALKEL,6.40,650g,,,Alyvuogės / Juodosios alyvuogės,6217881282119,,
8695336111029,Black olives with spices BAGCI,5.95,400g,,,Alyvuogės / Juodosios alyvuogės,8695336111029,,
8717552025598,Black pepper GULCAN 140g,6.30,140g,,,Prieskoniai / Grynieji prieskoniai,8717552025598,,
8717552025208,Black pepper whole GÜLCAN,5.50,180g,,,Prieskoniai / Grynieji prieskoniai,8717552025208,,
8717973290131,Black raisins ANATOLIA,2.50,250g,,,Džiovinti vaisiai - daržovės,8717973290131,,
8017759646764,Black rice CURTIRISO,4.25,500g,&nbsp; \n \n&nbsp;,,,8017759646764,,
4779030395849,Black sesame seeds,2.40,110g,,,,4779030395849,,
4779030396068,Black sesame seeds,3.99,250g,,,,4779030396068,,
8691573072420,Black sliced olives BURCU,3.90,580g,,,Alyvuogės / Juodosios alyvuogės,8691573072420,,
8690105003994,Black tea Altinbas CAYKUR,12.55,400g,,,Arbata - kava / Juodoji arbata,8690105003994,,
8690719102908,Black tea Earl Grey DOĞUŞ,6.50,100vnt.,,,Arbata - kava / Juodoji arbata,8690719102908,,
8690105003703,Black tea Filiz CAYKUR,6.95,500g,,Turkey,Arbata - kava / Juodoji arbata,8690105003703,,
8690719500032,Black tea Filiz DOGUS,7.90,500g,,,Arbata - kava / Juodoji arbata,8690719500032,,
8690105000184,Black tea Kamelya ÇAYKUR,4.00,500g,,,Arbata - kava / Juodoji arbata,8690105000184,,
8690105002775,Black tea Ramazan ÇAYKUR,11.99,1000g,,,Arbata - kava / Juodoji arbata,8690105002775,,
8690719100263,Black tea Rize DOĞUŞ,7.50,500g,,,Arbata - kava / Juodoji arbata,8690719100263,,
8690105000122,Black tea Rize ÇAYKUR,5.90,500g,Paruošimas: vienai arbatos stiklinei reikia 2 arbatinių šaukštelių arbatos.,,Arbata - kava / Juodoji arbata,8690105000122,,
8690105001105,Black tea Tirebolu ÇAYKUR,7.50,500g,,,Arbata - kava / Juodoji arbata,8690105001105,,
8690105000719,Black tea Tiryaki Çayi ÇAYKUR,7.99,500g,"„Tiryaki“ turkiškai reiškia aistrą, ir būtent jos šioje arbatoje gausu. Aukšta kokybė, ypatingas skonis ir neprilygstamas aromatas daro šią arbatą išskirtine. Be priedų ir pesticidų, ši arbata apibūdina turkų svetingumą ir meilę arbatai.",,Arbata - kava / Juodoji arbata,8690105000719,,
4760062101775,Black tea highest quality AZERÇAY,9.00,250g,"Paruošimas: į sausą, šiltą arbatinuką įberti 2 šaukštelius arbatos. Užplikyti karštu vandeniu (200ml), palaikyti 7-8min.",,Arbata - kava / Juodoji arbata,4760062101775,,
4760062101782,Black tea highest quality AZERÇAY,4.50,100g,"Paruošimas: į sausą, šiltą arbatinuką įberti 2 šaukštelius arbatos. Užplikyti karštu vandeniu (200ml), palaikyti 7-8min.",,Actas - aliejus,4760062101782,,
8690719100409,Black tea teapot bags DOGUS,3.49,153.6g,,Turkey,Arbata - kava / Juodoji arbata,8690719100409,,
4760062100303,Black tea with bergamot AZERÇAY,4.50,100g,"Paruošimas: į sausą, šiltą arbatinuką įdėkite 2 arbatinius šaukštelius arbatos. Užplikyti karštu vandeniu (200ml), palaikyti 2-3min.",,Arbata - kava / Juodoji arbata,4760062100303,,
4760062100938,Black tea with bergamot AZERÇAY,3.50,50g,"Paruošimas: į sausą, šiltą arbatinuką įdėkite 1 pakelį arbatos. Užplikyti karštu vandeniu (200ml), palaikyti 2-3min.",,Arbata - kava / Juodoji arbata,4760062100938,,
8690105006698,Black tea with bergamot Earl Grey ÇAYKUR,12.55,400g,,,Arbata - kava / Juodoji arbata,8690105006698,,
4012625530493,Black tea with bergamot MARMARA,10.49,400g,,,Arbata - kava / Juodoji arbata,4012625530493,,
4012625530516,Black tea with bergamot MARMARA,18.99,800g,,,Arbata - kava / Juodoji arbata,4012625530516,,
4032489012041,Black tea with bergamot SOHBET,3.50,100g,,,Arbata - kava / Juodoji arbata,4032489012041,,
4032489012027,Black tea with bergamot TANAY SOHBE,5.90,250g,,,Arbata - kava / Juodoji arbata,4032489012027,,
4032489012003,Black tea with bergamot TANAY SOHBET,8.90,500g,,,Arbata - kava / Juodoji arbata,4032489012003,,
8690105000061,Black tea Çiçeği ÇAYKUR,6.95,500g,"Lengvas skonis, išskirtinis aromatas ir spalva išskiria Çayçıçeğı kaip ypatingą arbatos rūšį. Arbatos megėjai, ieškantys kažko unikalaus, tikrai pamėgs šį mišinį. Šioje natūralioje arbatoje be priedų yra penktadalis lapų pumpurų. Tai ideali arbata jaukioms popietėms su draugais ar šeima namuose.",Turkey,Arbata - kava / Juodoji arbata,8690105000061,,
4779030396822,Black whole pepper,8.90,500g,,,Prieskoniai / Grynieji prieskoniai,4779030396822,,
8717973293330,Blackberry flavored lokum ANATOLIA,2.80,250g,,,Saldumynai (chalva - lokumas - šokoladas - batonėliai),8717973293330,,
4860006371209,Blackberry in light syrup (compote),5.00,1000ml,,,Sirupai - džemai - uogienės - sezamo pasta,4860006371209,,
4760018504759,Blackberry jam BIZIM TARLA,5.80,400g,,,,4760018504759,,
5285001401376,Blackberry syrup CHTOURA GARDEN,5.80,600ml,,,Sirupai - džemai - uogienės - sezamo pasta,5285001401376,,
8850389116975,Blackcurrant Fruit Flavored Drink MOGU MOGU,2.99,320ml,,,,8850389116975,,
4260361831668,Blackpepper Powder FRUITLITA,8.99,700g,,,Prieskoniai / Grynieji prieskoniai,4260361831668,,
8717973290469,Blanched almonds ANATOLIA,4.70,200g,,,,8717973290469,,
4779051660193,Blue Raspberry Flavour PRIME,0.99,500ml,,,,4779051660193,,
4027394001778,Borek pie with potato filling YAYLA,5.90,700g,,,,4027394001778,,
8717973290582,Brazilian nuts ANATOLIA,8.00,200g,,,,8717973290582,,
0022644006354,Braziliška kava SELECTION,5.99,200g,,,,22644006354,,
4262457390615,Braškių Uogienė ALIBABA,3.95,380g,,Turkey,,4262457390615,,
8008698004845,Bread mix SCHAR,7.30,1000g,,,,8008698004845,,
8717703792638,Broad Beans MIRAS,6.90,900g,,,,8717703792638,,
5285000716426,Broad Fava Beans CHTOURA GARDEN,6.50,800g,,,,5285000716426,,
8410505312492,Broad beans GARRIDO,9.49,800g,,,,8410505312492,,
4251871702685,Broad beans YOREM,7.49,800g,,,,4251871702685,,
5017689065416,Brown chickpeas TRS,2.50,500g,,,,5017689065416,,
8410505423310,Brown lentils GARRIDO,3.90,1000g,,,,8410505423310,,
4260667060106,Bubble gum flavored iced tea 4BRO,1.50,500ml,,,,4260667060106,,
8690576029028,Bucatini pasta ANKARA,0.75,500g,,Turkey,,8690576029028,,
4751029750068,Buckthorn in honey with probiotics,6.50,250ml,,,,4751029750068,,
4027394034400,Buffalo Cheese YAYLA,3.90,150g,,,,4027394034400,,
4027394003444,Buffalo cheese (48% fat) YAYLA,3.50,200g,"Pieno produktai yra svarbiausios YAYLA produktų asortimento dalys, todėl jie yra perdirbami ir gaminami tik iš aukščiausios kokybės, pripažintų, sertifikuotų, ekologiškai tvarių Europos ūkių ingredientų. Gamyba vykdoma naudojant moderniausias technologijas, kurios atitinka reikalavimus energijos vartojimo efektyvumo, tvarumo ir kokybės atžvilgiu. Klientai gauna produktą, kuriuo gali mėgautis žinodami, jog jis buvo pagamintas atsakingai ir kokybiškai.",,,4027394003444,,
4027394003475,Bulgarian sheep cheese (48% fat) YAYLA,3.50,200g,"Pieno produktai yra svarbiausios YAYLA produktų asortimento dalys, todėl jie yra perdirbami ir gaminami tik iš aukščiausios kokybės, pripažintų, sertifikuotų, ekologiškai tvarių Europos ūkių ingredientų. Gamyba vykdoma naudojant moderniausias technologijas, kurios atitinka reikalavimus energijos vartojimo efektyvumo, tvarumo ir kokybės atžvilgiu. Klientai gauna produktą, kuriuo gali mėgautis žinodami, jog jis buvo pagamintas atsakingai ir kokybiškai.",,,4027394003475,,
8691573092275,Bulgur BURCU,5.99,1000g,"Šviesios bulgur kruopos tai dažniausiai randama kvietinių kruopų rūšis pasaulyje. Geltona spalva tai natūrali kietųjų kviečių kruopų spalva. Kaip paruošti bulgurą? Pakepinkite svogūną, sumaišykite jį su pomidorų pasta, užberkite druskos Ir pipirų. Nuplautas bulguro kruopas sudėkite į keptuvę ir trumpai pakepinkite kartu su svogūnais. Užpilkite kruopas virintu vandeniu (1 stiklinei kruopų reikalinga 1½ stiklinės karšto vandens) ir, užvirus, troškinkite ant lėtos ugnies 10-12 min., kol visas vanduo išgaruos.",,,8691573092275,,
4251354804226,Bulgur GÜLCAN,2.80,1000g,,,,4251354804226,,
4027394001341,Bulgur YAYLA,3.75,900g,"Šviesios bulgur kruopos tai dažniausiai randama kvietinių kruopų rūšis pasaulyje. Geltona spalva tai natūrali kietųjų kviečių kruopų spalva. Kaip paruošti bulgurą? Pakepinkite svogūną, sumaišykite jį su pomidorų pasta, užberkite druskos Ir pipirų. Nuplautas bulguro kruopas sudėkite į keptuvę ir trumpai pakepinkite kartu su svogūnais. Užpilkite kruopas virintu vandeniu (1 stiklinei kruopų reikalinga 1½ stiklinės karšto vandens) ir, užvirus, troškinkite ant lėtos ugnies 10-12 min., kol visas vanduo išgaruos.",,,4027394001341,,
4262396735034,Bulgur kruopos HUNKAR,5.40,1000g,,,,4262396735034,,
8691440305132,Bulgur medium smallness DURU,4.99,1000g,,,,8691440305132,,
4027394001211,Bulgur wheat balls Çig Köfte YAYLA,5.80,300g,"Çiğ Köfte išvertus iš turkų kalbos reiškia „neapdorotas ir susmulkintas“. Taip yra todėl, kad dažniausiai Çiğ Köfte yra gaminamas iš maltos mėsos. Çiğ Köfte yra labai populiarus Turkijos pietryčių provincijose. Turkijoje yra dvi skirtingos „Çiğ Köfte“ versijos. Vienas pagamintas iš maltos mėsos, o kitas vegetariškas - iš bulguro. Valgykite juos su salotomis ir kitomis daržovėmis.",,,4027394001211,,
8691573089640,Bulgur with vermicelli BURCU,4.99,1000g,,,,8691573089640,,
4251354802055,Bulgur with vermicelli GÜLCAN,5.25,1000g,"Šviesios bulgur kruopos tai dažniausiai randama kvietinių kruopų rūšis pasaulyje. Geltona spalva tai natūrali kietųjų kviečių kruopų spalva. Kaip paruošti bulgurą? Pakepinkite svogūną, sumaišykite jį su pomidorų pasta, užberkite druskos Ir pipirų. Nuplautas bulguro kruopas sudėkite į keptuvę ir trumpai pakepinkite kartu su svogūnais. Užpilkite kruopas virintu vandeniu (1 stiklinei kruopų reikalinga 1½ stiklinės karšto vandens) ir, užvirus, troškinkite ant lėtos ugnies 10-12 min., kol visas vanduo išgaruos.",,,4251354802055,,
4262396730312,Bulgur with vermicelli HUNKAR,5.99,1000g,,,,4262396730312,,
8717703790924,Bulguras Plovoi MIRAS,4.45,1000g,,,,8717703790924,,
4260637864321,Burger Duona ALIBABA,0.99,300g,,Turkey,,4260637864321,,
608171075034,Butter Chicken Sauce SWAD,4.90,245ml,,,Padažai - pastos ir užtepėlės,608171075034,,
6081710750342,Butter Chicken sauce SWAD,3.50,250g,,,Padažai - pastos ir užtepėlės,6081710750342,,
4027394001693,Böreği pie with cheese filling YAYLA,3.70,350g,,,,4027394001693,,
4027394001730,Böreği pie with cheese filling YAYLA,7.90,700g,,,,4027394001730,,
4027394001761,Böreği pie with cheese-spinach filling YAYLA,7.90,700g,,,,4027394001761,,
4027394001679,Böreği pie with cheese-spinach filling YAYLA,1.99,175g,,,,4027394001679,,
4027394001686,Böreği pie with potato filling YAYLA,1.99,175g,,,,4027394001686,,
8410805013006,CERDAN Mini Lollipops su vaisiu skonio,1.90,"7,4g",,,,8410805013006,,
8711327569102,CHOICE Vanilla Cone,1.79,150ml,,,,8711327569102,,
4770477231820,CULT Guarana,2.49,500ml,,,,4770477231820,,
4770477231783,CULT Original,1.39,330ml,,,,4770477231783,,
8719325004656,Calf sausage with chili and spices KOC,9.49,300g,,,,8719325004656,,
8693641017470,Candied chickpeas AVSARLAR,1.80,250g,,,,8693641017470,,
8690508204493,Canned Green Beans TUKAS,4.90,670g,,,,8690508204493,,
8690559605010,Canned Sardine in sunflower oil DARDANEL,2.60,105g,,,,8690559605010,,
8410183030206,Canned butter beans GULCAN,1.19,400g,,,,8410183030206,,
5285001400140,Canned fava beans with cumin CHTOURA GARDEN,1.30,400g,,,,5285001400140,,
8691573017124,Canned pea and vegetable mix BURCU,1.40,310g,,,,8691573017124,,
8691573079610,Capers BURCU,5.25,310g,,,,8691573079610,,
8690777063807,Capers Pickle SERA,6.90,340g,,,,8690777063807,,
8690906001625,Caramel dessert mixture BASAK,1.99,110g,,,,8690906001625,,
8691351000294,Caramel halva with walnuts TATSAN,3.30,250g,,,Saldumynai (chalva - lokumas - šokoladas - batonėliai),8691351000294,,
8717552025826,Caraway seeds GÜLCAN,2.90,180g,,,,8717552025826,,
8690723112306,Carbonated fruit-flavored soft drink ULUDAĞ,1.55,330ml,,,,8690723112306,,
8690723681895,Carbonated melon-flavored soft drink ULUDAĞ,1.25,250ml,,,,8690723681895,,
8690723312300,Carbonated orange-flavored soft drink ULUDAĞ,0.99,330ml,,,,8690723312300,,
8690723701890,Carbonated soft drink with green lemon flavor ULUDAG FRUTTI EXTRA,1.11,250ml,,,,8690723701890,,
4772122000157,Cardamom pods with seeds,5.35,40g,,,,4772122000157,,
8717552025246,Cardamom pods with seeds GULCAN 130g,14.90,130g,,,,8717552025246,,
8696947134254,Carob Extract BAYKARA,10.50,380g,,,,8696947134254,,
8697436524457,Carob Molasses CILOGLU,5.90,440g,,,,8697436524457,,
8699924365276,Carob Paste RASITOGLU,3.99,350g,,,Padažai - pastos ir užtepėlės / Padažai,8699924365276,,
4262396735287,Carob Syrup HUNKAR,5.30,380g,,,Sirupai - džemai - uogienės - sezamo pasta,4262396735287,,
4260463571004,Carob extract with black cumin and propolis SENAY,9.00,350g,,,,4260463571004,,
8699924363012,Carob paste with ginger and herbs RASITOGLU,5.90,230g,,,Padažai - pastos ir užtepėlės / Padažai,8699924363012,,
8699424282349,Carob syrup (100%) GÜLCAN,5.00,720g,,Turkey,Sirupai - džemai - uogienės - sezamo pasta,8699424282349,,
8699424286057,Carob syrup GÜLCAN,4.00,450g,,,Sirupai - džemai - uogienės - sezamo pasta,8699424286057,,
8680679700825,Carob syrup with ginger and propolis ŞENAY,7.99,350g,,,Sirupai - džemai - uogienės - sezamo pasta,8680679700825,,
8697401090123,Carob vinegar SENAY,3.90,500ml,,,,8697401090123,,
5012389671967,Carolina reaper pepper sauce ENCONA,2.99,142ml,,,Padažai - pastos ir užtepėlės / Padažai,5012389671967,,
4262396735263,Carrot Jam HUNKAR,3.00,380g,,,,4262396735263,,
8690949000234,Carrot bar with nuts Cezerye TEMPO,0.99,50g,,,,8690949000234,,
8693641006474,Carrot dessert Yaprak Cezerye AVSARLAR,3.40,220g,,,,8693641006474,,
4260649143216,Cashew DERMANN,5.95,200g,,,Riešutai - sėklos ir užkandžiai,4260649143216,,
8717973291695,Cashews ANATOLIA,6.55,200g,,,,8717973291695,,
8681812047401,Cat-Saldainiai žindukas su vaisiais OZIBOX,1.90,32g,,,,8681812047401,,
4779030396525,Cayenne ground paprika,1.00,70g,"Kajeno paprika – tinka gardinti mėsos, žuvies, vištienos, kiaušinių patiekalus, salotų bei kepsnių padažus. Suteikia patiekalui aštrumo.",,,4779030396525,,
4772122015663,Ceilino Cinamonas Maltas,5.00,50g,,,,4772122015663,,
4772122009822,Cesnakine Druska,1.75,100g,,,,4772122009822,,
4260467592982,Ceylon Tea DEMDEM,9.00,500g,,,Arbata - kava / Juodoji arbata,4260467592982,,
4260467593026,Ceylon Tea with Bergamote DEMDEM,9.00,500g,,,Arbata - kava / Juodoji arbata,4260467593026,,
4251871703620,Ceylon Tea with Cloves DEMDEM,9.00,500g,,,Arbata - kava / Juodoji arbata,4251871703620,,
4251871703606,Ceylon Tea with Mint DEMDEM,8.50,500g,,,Arbata - kava / Juodoji arbata,4251871703606,,
4779030396815,Ceylon cinnamon sticks 50g,4.35,50g,,,,4779030396815,,
5412294120398,Cezerye with hazelnut,4.50,350g,,,,5412294120398,,
4250129823103,Chalva su vanile FEYZA,3.85,350g,,,Saldumynai (chalva - lokumas - šokoladas - batonėliai),4250129823103,,
8690719102151,Chamomile tea  DOĞUŞ,3.00,20vnt.,,Turkey,Arbata - kava / Žolelių arbata,8690719102151,,
093856998935,Chantaboon Rice Sticks CHEFS CHOICE,4.90,,,,,93856998935,,
09385699855,Chantaboon Rice Sticks Gluten Free,4.25,375g,,,,9385699855,,
8681406325120,Charcoal for hookah COCO PHOENIX,4.00,1000g,,,,8681406325120,,
4260193514814,Cheddar Cheese YOREM,6.99,400g,,,,4260193514814,,
8690637921100,Cheddar sauce Calve 240g,3.50,300g,,,Padažai - pastos ir užtepėlės,8690637921100,,
4027394001037,Cheese filled phyllo rolls Sigara Böregi YAYLA,6.99,400g,"Paruošimas: 1. Palikite suktinukus kelioms minutėms kambario temperatūroje atšilti. 2. Keptuvėje įkaitinkite aliejų ir po vieną dėkite suktinukus. 3. Kepkite 3-4min. arba kol gražiai paruduos. 4. Patiekite su jogurtiniu padažu (1 ½ stiklinės paprasto jogurto sumaišykite su 2 skiltelėmis smulkiai pjaustytu česnaku, druska ir petražolėmis).",,,4027394001037,,
4027394007749,Cheese sticks (4 pcs) FULYA,2.40,84g,,,,4027394007749,,
8690629321406,Cherry Jelly DR. OETKER,1.70,100g,,,,8690629321406,,
4760018502595,Cherry Juice with Slices BIZIM TARLA,4.75,1000ml,,,,4760018502595,,
8717973293309,Cherry flavored lokum ANATOLIA,2.80,250g,,,Saldumynai (chalva - lokumas - šokoladas - batonėliai),8717973293309,,
4251354813808,Cherry jam GULCAN,2.50,380g,,,,4251354813808,,
4251354810326,Cherry jam GÜLCAN,2.50,380g,,,,4251354810326,,
8690719109082,Cherry tea DOĞUŞ FORM,2.40,40g,,,Arbata - kava / Vaisinė arbata,8690719109082,,
4260157580145,Chestnut Honey BURAM ,5.00,210g,,,,4260157580145,,
4260157572201,Chestnut honey,5.99,500g,,,,4260157572201,,
4779030396051,Chia seeds,7.20,400g,,,,4779030396051,,
8717552045244,Chia seeds GÜLCAN,4.20,200g,,,,8717552045244,,
4260193511417,Chicken & calf Salami DESTAN,3.99,400g,,,,4260193511417,,
4260193511394,Chicken Salami DESTAN,1.49,400g,,,,4260193511394,,
4260467592043,Chicken Salami with Chilli DESTAN,1.49,400g,,,,4260467592043,,
8690906006583,Chicken broth in cubes BASAK,2.60,100g,,,,8690906006583,,
4027394072204,Chicken sausage FULYA,4.40,800g,,,,4027394072204,,
4027394072501,Chicken sausage FULYA,4.50,400g,,,,4027394072501,,
4027394007572,Chicken sausages FULYA,3.70,400g,,,,4027394007572,,
8690906006774,Chicken spices BAŞAK,1.99,60g,Paruošimas: sumaišykite mišinį su 50ml aliejaus ir 50ml vandens ir marinuokite juo 1kg vištienos.,,,8690906006774,,
8717552025581,Chicken spices GÜLCAN,3.20,250g,,,,8717552025581,,
4262396730510,Chickpea HUNKAR,5.50,1000g,,,,4262396730510,,
4260766230097,Chickpea MIRAS,6.90,1000g,,,,4260766230097,,
8056515240860,Chickpea RISTORIS,6.99,2500g,,,,8056515240860,,
4027394001303,Chickpea YAYLA,4.00,1000g,,Turkey,,4027394001303,,
8690906000383,Chickpea flour BASAK,3.20,500g,,,,8690906000383,,
5017689008222,Chickpea flour TRS,4.95,1000g,,,,5017689008222,,
5283003611380,Chickpea spread with basil - Humus CHTOURA GARDEN,2.50,420g,,Lebanon,,5283003611380,,
5283003611397,Chickpea spread with garlic - Humus CHTOURA GARDEN,2.90,420g,,Lebanon,,5283003611397,,
8691573090967,Chickpeas (12mm) BURCU,4.45,1000g,,,,8691573090967,,
8691573089695,Chickpeas (12mm) BURCU,10.10,2500g,,,,8691573089695,,
8691440720003,Chickpeas (12mm) DURU,8.30,1000g,,,,8691440720003,,
4251354800938,Chickpeas (12mm) GÜLCAN,5.90,1000g,,,,4251354800938,,
8691573030321,Chickpeas BURCU,1.75,600g,,,,8691573030321,,
8691573030277,Chickpeas BURCU,1.80,800g,,,,8691573030277,,
8691573030314,Chickpeas BURCU,0.95,400g,,,,8691573030314,,
4027394008906,Chickpeas FULYA,3.70,800g,,,,4027394008906,,
4771459688618,Chickpeas PROFI,6.99,2500g,,,,4771459688618,,
4260649141069,Chickpeas With Sugar DERMANN ,1.50,200g,,,Riešutai - sėklos ir užkandžiai,4260649141069,,
4260467591015,Chickpeas YOREM,5.95,1000g,,,,4260467591015,,
8717973292937,Chickpeas coated with colored sugar ANATOLIA,1.35,200g,,,,8717973292937,,
8691573019210,Chickpeas in light tomato sauce BURCU,2.20,400g,,,Ekologiškos prekės / Konservuotas maistas,8691573019210,,
8717973293156,Chickpeas with honey and coconut flakes ANATOLIA,3.25,200g,,,,8717973293156,,
8717973293163,Chickpeas with honey and sesame seeds ANATOLIA,3.25,200g,,,,8717973293163,,
8717973293132,Chickpeas with hot spices ANATOLIA,3.25,200g,,,,8717973293132,,
8717973293149,Chickpeas with oregano ANATOLIA,3.55,200g,,,,8717973293149,,
8717703798227,Chickpeas with sugar MIRAS,4.35,250g,,,,8717703798227,,
5012389670434,Chili BBQ sauce ENCONA,2.70,142ml,,,Padažai - pastos ir užtepėlės,5012389670434,,
4779032460187,Chili Cranberry BUGA'S,1.49,140ml,,,,4779032460187,,
8425408222410,Chili Flavored Roasted corn CASAMAYOR,5.90,250g,,,,8425408222410,,
049733800112,Chili Garlic Sauce CHOLULA,7.50,150ml,,,Padažai - pastos ir užtepėlės,49733800112,,
049733840118,Chili Lime Sauce CHOLULA,7.49,150ml,,,Padažai - pastos ir užtepėlės,49733840118,,
4779032460194,Chili Lingonberry&Pear BUGA'S,3.30,140ml,,,,4779032460194,,
4779032460408,Chili Raspberry & Orange BUGA'S,1.49,140ml,,,,4779032460408,,
8728200404009,Chili paste Sambal Oelek WIND MILL,1.80,200g,,,Padažai - pastos ir užtepėlės / Padažai,8728200404009,,
8852646182273,Chili paste with garlic in oil THAI DANCER,2.90,230g,,,Padažai - pastos ir užtepėlės / Padažai,8852646182273,,
8717552025536,Chili pepper flakes GULCAN,3.10,130g,,,Prieskoniai / Grynieji prieskoniai,8717552025536,,
8717552005538,Chili pepper flakes GULCAN,3.10,130g,,,Prieskoniai / Grynieji prieskoniai,8717552005538,,
8717552002421,Chili pepper flakes GULCAN,5.80,400g,,,Prieskoniai / Grynieji prieskoniai,8717552002421,,
8717552026427,Chili pepper flakes GÜLCAN,7.10,450g,,,Prieskoniai / Grynieji prieskoniai,8717552026427,,
5283003610444,Chili pepper paste CHTOURA GARDEN,2.50,240g,,,Prieskoniai / Grynieji prieskoniai,5283003610444,,
201621,Chilli Paprika Granulemis,1.25,50g,,Turkey,Prieskoniai,201621,,
4860121750354,Chilli Paprika Granulemis (kopija),25.00,50g,,Turkey,Prieskoniai,4860121750354,,
4770412095357,Chilli Peppers,0.95,100g,,,Prieskoniai / Grynieji prieskoniai,4770412095357,,
5017689001360,Chilli Powder (extra hot) TRS,1.45,100g,,,,5017689001360,,
8717703796933,Chilli flakes extra hot MIRAS,6.49,160g,,,,8717703796933,,
5017689002398,Chilli powder TRS,2.90,100g,,,,5017689002398,,
8853662044057,Chilli sauce for seafood FLYING GOOSE,3.50,295ml,,,Padažai - pastos ir užtepėlės,8853662044057,,
4779030396112,Chimi Churi Spice mix,3.55,200g,Prieskoniai suteiks nuostabų skonį ir kvapą visiems namų virtuvėje gaminamiems patiekalams.,,,4779030396112,,
4779030395924,Chinese blend of 5 spices,4.40,90g,,,,4779030395924,,
8717973292753,Chips and roasted corn mix ANATOLIA,1.50,150g,,,,8717973292753,,
201618,Chmeli Suneli,1.00,50g,,Turkey,Prieskoniai,201618,,
201631,Chmeli Suneli (kopija),20.00,50g,,Turkey,Prieskoniai,201631,,
4771459070635,Chmeli Suneli IATS,5.95,75g,,,,4771459070635,,
4779030396037,Chmeli Suneli Spice mix,3.65,250g,"Vartojamas ryžių, kruopų, mėsos, daržovių patiekalams gardinti.",,,4779030396037,,
4779030394019,Chmeli Suneli Spice mix,2.55,70g,"Vartojamas ryžių, kruopų, mėsos, daržovių patiekalams gardinti.",,,4779030394019,,
8690547101210,Chocolate Whipped Topping KENTON,0.90,150g,,Turkey,,8690547101210,,
8690906000796,Chocolate almond pudding BASAK,1.11,105g,,,,8690906000796,,
8690504034438,Chocolate bar Albeni ULKER,1.00,31g,,,,8690504034438,,
8690120104256,Chocolate coated biscuits TORKU,3.75,252g,,,,8690120104256,,
8690504034032,Chocolate coated cookie with marshmallow HALLEY,1.50,30g,,Turkey,,8690504034032,,
8690504186687,Chocolate coated cookies with marshmallow HALLEY,3.50,240g,,,,8690504186687,,
8690504186946,Chocolate coated cookies with marshmallow and black mulberry marmalade HALLEY,3.50,236g,,,,8690504186946,,
8691460000512,Chocolate coated threaed halva IPEK,6.95,235g,,,Saldumynai (chalva - lokumas - šokoladas - batonėliai),8691460000512,,
8690629229672,Chocolate cream mix DR.OETKER,1.80,80g,,,,8690629229672,,
8690906000864,Chocolate pudding dessert BAŞAK,1.60,105g,"Paruošimas: supilkite mišinį į 500ml pieno ir virkite ant vidutinės ugnies kol užvirs, užvirus nuimkite nuo ugnies ir šiek tiek atvėsus supilstykite į indelius. Patiekite šaltą.",,,8690906000864,,
8690906000994,Chocolate sauce mix BASAK,1.95,130g,,,Padažai - pastos ir užtepėlės,8690906000994,,
8690504135913,Chocolate wafer with hazelnut cream ÜLKER,1.00,36g,,,,8690504135913,,
8690504131458,"Chocolate wafer with white chocolate, dark chocolate and milk chocolate ULKER",0.55,36.5g,,,,8690504131458,,
8683417000140,Chocolate with Hazelnut Tadelle,1.75,30g,,,,8683417000140,,
8690504065111,Chocolate with Milk Filled and Biscuits LAVIVA,1.75,35g,,,,8690504065111,,
8691573001284,Chopped Tomato BURCU,3.00,400g,,Turkey,,8691573001284,,
8696801002323,Chopped jalapenos CICEK,2.80,350g,,,,8696801002323,,
8696801002316,Chopped jalapenos CICEK,3.90,710g,,Turkey,,8696801002316,,
5285001401031,Chtoura garden Olive oil 900ml,14.90,1000ml,,,Actas - aliejus / Aliejus,5285001401031,,
86301000,Chupa-chups CERDAN,0.75,,,,,86301000,,
86301001,Chupa-chups su cola skonio CERDAN,0.90,,,,,86301001,,
4779030394880,Ciberzole Malta,3.00,100g,,,,4779030394880,,
4770412091908,Ciberzoles minced,2.99,100g,,,,4770412091908,,
4860108710807,Cidonijų uogienė,4.45,,,,,4860108710807,,
4251871707017,Cig Kofte SOHBET,2.99,180g,,,,4251871707017,,
8682631801960,Cig kofte mix CILOGLU,5.99,500g,,,,8682631801960,,
8682631801946,Cig kofte mix ÇILOGLU,4.09,500g,,,,8682631801946,,
4772122009648,Cija Seklos,3.00,100g,,,,4772122009648,,
8855044044396,Cija sėklų gėrimas su arbuzu skoniu RANY ,2.75,290ml,,,,8855044044396,,
8859017901808,Cija sėklų gėrimas su granatu skoniu RANY ,2.75,290ml,,,,8859017901808,,
4262457391346,Cinamono lazdelės ALIBABA,4.00,35g,,,,4262457391346,,
4262457390172,Cinamono lazdelės ALIBABA (kopija),4.90,120g,,,,4262457390172,,
5411944369385,Cinnamon flavored drink granules SEBAHAT,3.50,220g,,,,5411944369385,,
4779030394804,Cinnamon powder,4.10,500g,,,,4779030394804,,
4779030390332,Cinnamon powder,6.99,1000g,,,,4779030390332,,
5017689484620,Cinnamon powder TRS,1.99,100g,,,,5017689484620,,
8690906008341,Cinnamon sticks BAŞAK,2.20,45g,,,,8690906008341,,
8717552025550,Cinnamon sticks GULCAN,3.10,50g,,,,8717552025550,,
5017689012137,Cinnamon sticks TRS,3.35,50g,,,,5017689012137,,
8717552025369,Citric acid GULCAN,3.10,300g,,,,8717552025369,,
5411944369309,Citrina skonio gėrimo granulės SEBAHAT,4.50,220g,,,,5411944369309,,
5213010840138,Citrininė verbena,3.00,10g,,,,5213010840138,,
8697217081438,Citrinų skonio tirpusis gėrimas USAS,4.00,250g,,,,8697217081438,,
8718531646278,Citrinų sulčių NAZ,3.99,345g,,,,8718531646278,,
4260637867858,Citrinų vanduo ALIBABA,2.50,500g,,,,4260637867858,,
8850030031664,Classic Fried Chicken Seasoned Flour LOBO,5.90,150g,,,,8850030031664,,
4607016310251,Classic Tkemali sauce KINTO,3.50,300g,,,Padažai - pastos ir užtepėlės,4607016310251,,
8690120060286,Classic bicuits TORKU,4.60,700g,,,,8690120060286,,
8680164501289,Cleaning cloth EVAR,3.00,3vnt,,,,8680164501289,,
7622210768254,Clove flavoured gum FALIM,0.45,7g,,,,7622210768254,,
4262396730398,Coarse Pilaf Bulgur HUNKAR,6.20,1000g,,,,4262396730398,,
4262396730725,Coarse Pilaf Bulgur HUNKAR,9.00,2500g,,,,4262396730725,,
8691573090158,Coarse bulgur BURCU,2.90,1000g,"Šviesios bulgur kruopos tai dažniausiai randama kvietinių kruopų rūšis pasaulyje. Geltona spalva tai natūrali kietųjų kviečių kruopų spalva. Kaip paruošti bulgurą? Pakepinkite svogūną, sumaišykite jį su pomidorų pasta, užberkite druskos Ir pipirų. Nuplautas bulguro kruopas sudėkite į keptuvę ir trumpai pakepinkite kartu su svogūnais. Užpilkite kruopas virintu vandeniu (1 stiklinei kruopų reikalinga 1½ stiklinės karšto vandens) ir, užvirus, troškinkite ant lėtos ugnies 10-12 min., kol visas vanduo išgaruos.",,,8691573090158,,
8691440401001,Coarse bulgur DURU,3.60,1000g,"Šviesios bulgur kruopos tai dažniausiai randama kvietinių kruopų rūšis pasaulyje. Geltona spalva tai natūrali kietųjų kviečių kruopų spalva. Kaip paruošti bulgurą? Pakepinkite svogūną, sumaišykite jį su pomidorų pasta, užberkite druskos Ir pipirų. Nuplautas bulguro kruopas sudėkite į keptuvę ir trumpai pakepinkite kartu su svogūnais. Užpilkite kruopas virintu vandeniu (1 stiklinei kruopų reikalinga 1½ stiklinės karšto vandens) ir, užvirus, troškinkite ant lėtos ugnies 10-12 min., kol visas vanduo išgaruos.",,,8691440401001,,
4027394008944,Coarse bulgur FULYA,2.80,800g,,,,4027394008944,,
54001886,Coca Cola,1.89,250ml,,,,54001886,,
5449000000996,Coca Cola,1.40,330ml,,,,5449000000996,,
5000112651256,Coca Cola Zero Sugar,1.40,330ml,,,,5000112651256,,
54001893,Coca Cola Zero Sugar,1.90,250ml,,,,54001893,,
8690766132224,Cocoa Biscuits with Milk Chocolate HALLEY,3.75,189g,,Turkey,,8690766132224,,
8690547101012,Cocoa KENTON,2.10,100g,,,,8690547101012,,
8690120093932,Cocoa biscuits with cream PREMIO,3.10,258g,,,,8690120093932,,
8690906001410,Cocoa powder BASAK,0.90,25g,,,,8690906001410,,
8690629201104,Cocoa pudding DR.OETKER,1.40,147g,,,,8690629201104,,
8690906000802,Cocoa pudding dessert BAŞAK,1.60,105g,"Paruošimas: supilkite mišinį į 500ml pieno ir virkite ant vidutinės ugnies kol užvirs, užvirus nuimkite nuo ugnies ir šiek tiek atvėsus supilstykite į indelius. Patiekite šaltą.",,,8690906000802,,
4779052060107,Coconut BONSU,2.10,330ml,,,,4779052060107,,
8850389116906,Coconut Fruit Flavored Drink MOGU MOGU,2.99,320ml,,,,8850389116906,,
6096512787724,Coconut HUNKAR,4.99,200g,,,,6096512787724,,
8851613101385,Coconut Milk AROY-D,6.49,500ml,,,,8851613101385,,
8691685014806,Coconut Milk Shower Gel EYUP SABRI ,8.50,600ml,,Turkey,Pramoninės prekės - higienos priemonės,8691685014806,,
8690949000340,Coconut bar PIKE,0.79,32g,,,,8690949000340,,
8717552025185,Coconut flakes GÜLCAN,2.49,130g,,,,8717552025185,,
8717703624618,Coconut milk (17-19% fat) NUOC COT DUA,2.30,400ml,,,,8717703624618,,
8850344001643,Coconut milk (8-10% fat),2.50,400ml,,,,8850344001643,,
8850367100019,Coconut milk CHAOKOH,1.99,250ml,,,,8850367100019,,
8690906000871,Coconut pudding BASAK,1.50,130g,,,,8690906000871,,
4771459333884,Coffe Cream MARGE,2.50,100ml,,,Pieno produktai / Pieno produktai,4771459333884,,
3428200386439,Coffee Cream PRESIDENT,2.50,98ml,,,Pieno produktai / Pieno produktai,3428200386439,,
6210551041481,Coffee DARK cardamom HAMWI 180g,11.00,180g,,,Arbata - kava / Kava,6210551041481,,
6210551011484,Coffee Mocha HAMWI,4.90,180g,,,Arbata - kava / Kava,6210551011484,,
6210551011330,Coffee Mocha HAMWI 450 g,17.00,180g,,United Arab Emirates,Arbata - kava / Kava,6210551011330,,
8697443241828,Coffee pot - 2,7.50,,,,Arbata - kava / Kava,8697443241828,,
6210551031482,Coffee with cardamom HAMWI,9.99,180g,,,Arbata - kava / Kava,6210551031482,,
6210551051480,Coffee with extra cardamom HAMWI,9.99,180g,,,Arbata - kava / Kava,6210551051480,,
6210331047030,Coffee without cardamom HASeeB,5.50,200g,,,Arbata - kava / Kava,6210331047030,,
4770179182666,Cognac Truffles PERGALE,3.99,200g,,,,4770179182666,,
8690504008026,Cokoprens Dark ULKER,1.49,234g,,,,8690504008026,,
8690504009016,Cokoprens Dark ULKER,0.75,23.4g,,,,8690504009016,,
8717703799200,Coloured chickpeas with sugar MIRAS,4.45,250g,,,,8717703799200,,
4260649141052,Coloured chickpeas with sugarDERMANN,4.00,200g,,,Riešutai - sėklos ir užkandžiai,4260649141052,,
4027394042269,Combi White Cheese YAYLA,5.49,800g,,,,4027394042269,,
8691573012570,Cooked eggplant BURCU,4.79,540g,,,,8691573012570,,
6281016210117,Cookie with date filling TEASHOP,0.50,40g,,,Saldumynai (chalva - lokumas - šokoladas - batonėliai) / Batonėliai - sausainiai,6281016210117,,
8690120093239,Cookies with chocolate and milk cream TORKU,3.75,249g,,,,8690120093239,,
8690120047959,Cookies with orange filling TORKU,3.75,306g,,,,8690120047959,,
8680836270536,Copper Coffee Pot No:3,9.90,,,,Pramoninės prekės - higienos priemonės / Pramoninės prekės,8680836270536,,
4779030390547,Coriander grains,5.99,1000g,,,,4779030390547,,
4779030390530,Coriander powder,7.99,1000g,,,,4779030390530,,
4779030394309,Coriander powder,4.50,500g,,,,4779030394309,,
8717552025291,Coriander seeds GÜLCAN,2.50,100g,,,,8717552025291,,
8690906000369,Corn flour BASAK,1.99,400g,,,,8690906000369,,
8690906000314,Corn starch BAŞAK,1.60,200g,,,,8690906000314,,
8717552027660,Corn starch GÜLCAN,2.50,400g,,,,8717552027660,,
8690547021082,Corn starch KENTON,1.39,200g,,,,8690547021082,,
8690841010263,Cosmetic rose water BEBAK,2.70,215ml,,,,8690841010263,,
8001876002152,Cous Cous COLAVITA,3.50,500g,,Italy,,8001876002152,,
8011033010005,Couscous BACCHINI,4.90,1000g,,,,8011033010005,,
8720387052004,Couscous medium SENS MAROC,4.80,1000g,,,,8720387052004,,
8720387052080,Couscous pearl tomato SENS MAROC,6.40,900g,,,,8720387052080,,
8720387052073,Couscous pearl whole wheat SENS MAROC,6.40,900g,,,,8720387052073,,
4262396730473,Cowpea HUNKAR,5.00,1000g,,,,4262396730473,,
4779030397058,Crackling amaranth seeds,2.50,100g,,,,4779030397058,,
4760018505107,Cranberry Jam BIZIM TARLA,5.30,400g,,,,4760018505107,,
4760018502823,Cranberry juice with slices BIZIM TARLA,4.75,1000ml,,Azerbaijan,,4760018502823,,
4027394002249,Cream (55% fat) YAYLA,7.50,200g,"Pieno produktai yra svarbiausios YAYLA produktų asortimento dalys, todėl jie yra perdirbami ir gaminami tik iš aukščiausios kokybės, pripažintų, sertifikuotų, ekologiškai tvarių Europos ūkių ingredientų. Gamyba vykdoma naudojant moderniausias technologijas, kurios atitinka reikalavimus energijos vartojimo efektyvumo, tvarumo ir kokybės atžvilgiu. Klientai gauna produktą, kuriuo gali mėgautis žinodami, jog jis buvo pagamintas atsakingai ir kokybiškai.",,,4027394002249,,
8710908805448,Cream Cleaner Lemon CIF,2.40,300g,,,,8710908805448,,
8710908808838,Cream Cleaner Lemon CIF,3.75,540g,,,,8710908808838,,
8710447416013,Cream Cleaner Max CIF ,3.75,693g,,,,8710447416013,,
4027394003055,Cream cheese YAYLA,2.99,200g,"Pieno produktai yra svarbiausios YAYLA produktų asortimento dalys, todėl jie yra perdirbami ir gaminami tik iš aukščiausios kokybės, pripažintų, sertifikuotų, ekologiškai tvarių Europos ūkių ingredientų. Gamyba vykdoma naudojant moderniausias technologijas, kurios atitinka reikalavimus energijos vartojimo efektyvumo, tvarumo ir kokybės atžvilgiu. Klientai gauna produktą, kuriuo gali mėgautis žinodami, jog jis buvo pagamintas atsakingai ir kokybiškai.",,,4027394003055,,
4027394003642,Cream cheese YAYLA,5.25,250g,"Pieno produktai yra svarbiausios YAYLA produktų asortimento dalys, todėl jie yra perdirbami ir gaminami tik iš aukščiausios kokybės, pripažintų, sertifikuotų, ekologiškai tvarių Europos ūkių ingredientų. Gamyba vykdoma naudojant moderniausias technologijas, kurios atitinka reikalavimus energijos vartojimo efektyvumo, tvarumo ir kokybės atžvilgiu. Klientai gauna produktą, kuriuo gali mėgautis žinodami, jog jis buvo pagamintas atsakingai ir kokybiškai.",,,4027394003642,,
4779031860322,Creamy peanut butter (100%) HEALTHY CHOICE,23.90,1000g,,,Padažai - pastos ir užtepėlės,4779031860322,,
8680618038897,Creeper GAZELLE 3-5 months. pink,21.00,1vnt.,,,,8680618038897,,
5213010840367,Cretan green olives,6.50,320g,,,Alyvuogės / Žaliosios alyvuogės,5213010840367,,
6921804700269,Crispy Hot Chilli Pepper in  Soja Oil with Onion LAOGANMA,8.00,210g,,,Prieskoniai / Grynieji prieskoniai,6921804700269,,
8852116807880,Crispy Seaweed NORI,4.49,36g,,,,8852116807880,,
8852116807903,Crispy Seaweed Spicy flavour NORI,4.45,36g,,,,8852116807903,,
8690906006781,Crispy breadcrumbs for chicken BASAK,2.00,80g,,,,8690906006781,,
8690906006712,Crispy breadcrumbs for chicken BAŞAK,1.95,100g,"Paruošimas: 1 pakelio mišinio užtenka 1kg vištienos, apvoliokite vištieną kiaušinio baltymuose ir po to BASAK džiuvėsėlių mišinyje.",,,8690906006712,,
8693029605008,Croissant with Hazelnut&Vanilla Filling TODAY,0.75,45g,,,,8693029605008,,
8693029604971,Croissant with Strawberry Filling TODAY,0.75,45g,,,,8693029604971,,
4779031860698,Crunchy almond butter (100%) HEALTHY CHOICE,17.40,250g,"Vartojimas: Prieš vartojimą išmaišykite. Aliejaus atsiskyrimas yra natūralus reiškinys ir aukštos kokybės požymis. Valgykite vieną, tepkite ant sausainių, traškučių, duoniukų, skrebučių, bandelių, blynų, pyragėlių, tortų, plakite kokteilius ir kitus gėrimus, maišykite į košes, salotas, varškę, jogurtus ar ledus.",,Padažai - pastos ir užtepėlės,4779031860698,,
4779031860407,Crunchy almond butter (100%) HEALTHY CHOICE,47.90,1000g,"Vartojimas: Prieš vartojimą išmaišykite. Aliejaus atsiskyrimas yra natūralus reiškinys ir aukštos kokybės požymis. Valgykite vieną, tepkite ant sausainių, traškučių, duoniukų, skrebučių, bandelių, blynų, pyragėlių, tortų, plakite kokteilius ir kitus gėrimus, maišykite į košes, salotas, varškę, jogurtus ar ledus. Migdolų riešutų užtepas – puikus pakaitalas džemui. Tinkamas pagardinti bet kurį maisto produktą ar bet kurią vegetarišką dietą, gardinti tailandietiškus, kiniškus ir kitokius padažus. Jis turi stiprų migdolų skonį, tad tinka kepiniams, nes gali pakeisti cukrų, kitus kepiniuose naudojamus riebalus ir prieskonius.",,Padažai - pastos ir užtepėlės,4779031860407,,
4779031860346,Crunchy peanut butter (100%) HEALTHY CHOICE,26.60,1000g,"Vartojimas: Prieš vartojimą išmaišykite. Aliejaus atsiskyrimas yra natūralus reiškinys ir aukštos kokybės požymis. Valgykite vieną, tepkite ant sausainių, traškučių, duoniukų, skrebučių, bandelių, blynų, pyragėlių, tortų, plakite kokteilius ir kitus gėrimus, maišykite į košes, salotas, varškę, jogurtus ar ledus. Žemės riešutų užtepas – puikus pakaitalas džemui. Tinkamas pagardinti bet kurį maisto produktą ar bet kurią vegetarišką dietą, gardinti tailandietiškus, kiniškus ir kitokius padažus. Jis turi stiprų riešutų skonį, tad tinka kepiniams, nes gali pakeisti cukrų, kitus kepiniuose naudojamus riebalus ir prieskonius.",,Padažai - pastos ir užtepėlės,4779031860346,,
4779031860315,Crunchy peanut butter (100%) HEALTHY CHOICE,9.00,250g,"Vartojimas: Prieš vartojimą išmaišykite. Aliejaus atsiskyrimas yra natūralus reiškinys ir aukštos kokybės požymis. Valgykite vieną, tepkite ant sausainių, traškučių, duoniukų, skrebučių, bandelių, blynų, pyragėlių, tortų, plakite kokteilius ir kitus gėrimus, maišykite į košes, salotas, varškę, jogurtus ar ledus.",,Padažai - pastos ir užtepėlės,4779031860315,,
8695336108524,Crushed Green Olives BAGCI,6.95,800g,,,Alyvuogės / Žaliosios alyvuogės,8695336108524,,
8699237142892,Crushed Pistachio FISTIKCI,4.50,75g,,,,8699237142892,,
4771459047378,Crushed Tomato PROFI,10.00,4000g,,,,4771459047378,,
8691573081927,Cucumber Pickles BURCU,3.90,570g,,,,8691573081927,,
5285001400577,Cucumber pickles CHTOURA GARDEN,4.70,600g,,,,5285001400577,,
8691216020818,Cukruoti guminukai coca-cola (halal) HARIBO,2.50,100g,,,,8691216020818,,
4772122005244,Cumin seed powder,8.50,1000g,,,,4772122005244,,
4772122001246,Cumin seed powder,6.60,500g,,,,4772122001246,,
4779030399311,Cumin seeds,6.49,250g,,,,4779030399311,,
4779030399328,Cumin seeds,3.29,80g,,,,4779030399328,,
8717552025277,Cumin seeds GÜLCAN,3.30,180g,,,,8717552025277,,
4779030396044,Curry,7.99,500g,,,,4779030396044,,
4770412091748,Curry,1.55,100g,,,,4770412091748,,
8690906007818,Curry BASAK,2.60,100g,,,,8690906007818,,
8717552025345,Curry GÜLCAN,3.20,200g,,,,8717552025345,,
4262396731265,Curry HUNKAR,3.20,100g,,,,4262396731265,,
8717552043349,Curry Masala Spice mix GÜLCAN,4.20,170g,,,,8717552043349,,
8697436571970,Curry powder ÇILOĞLU,2.20,80g,,,,8697436571970,,
6111243620499,Cuscus Fin DALIA,3.50,1000g,,,,6111243620499,,
8690576029240,Cuscus pasta ANKARA,0.75,500g,,Turkey,,8690576029240,,
4711931034830,Custard Moki Citrinu skonio ,4.90,168g,,,,4711931034830,,
4260193518331,DESTAN dešra,7.99,500g,,,,4260193518331,,
8720181377259,DOMESTOS Atlantic Fresh,3.90,750ml,,,,8720181377259,,
8720181377266,DOMESTOS Citrus,3.90,750ml,,,,8720181377266,,
8720181377242,DOMESTOS Pine,3.90,750ml,,,,8720181377242,,
8683417000171,Dark Chocolate with Hazelnut Tadelle,1.75,30g,,,,8683417000171,,
6971835850075,Dark Superior Soy Sauce CHAIN KWO,4.90,623ml,,,Padažai - pastos ir užtepėlės,6971835850075,,
4251354809030,Date Paste AICHA DATES,4.90,1000g,,,Džiovinti vaisiai - daržovės / Džiovinti vaisiai,4251354809030,,
6191529000191,Date Paste SALAMMKO,4.90,1000g,,,Džiovinti vaisiai - daržovės / Džiovinti vaisiai,6191529000191,,
7423601859830,Date Powder TOMOOR,8.49,350g,,,,7423601859830,,
8690949000388,Date bar with nuts and coconut flakes TEMPO,0.99,50g,,,,8690949000388,,
8718531641303,Date paste,4.50,900g,,,Džiovinti vaisiai - daržovės / Džiovinti vaisiai,8718531641303,,
8710742021783,Date syrup (100%) BASRA,4.00,450g,,,Sirupai - džemai - uogienės - sezamo pasta,8710742021783,,
5285001404582,Date syrup CHTOURA GARDEN,6.65,800g,,,Sirupai - džemai - uogienės - sezamo pasta,5285001404582,,
5285001404940,Date syrup CHTOURA GARDEN,3.90,375g,,,Sirupai - džemai - uogienės - sezamo pasta,5285001404940,,
6191448200368,Dates LAYLA,6.50,1000g,,,,6191448200368,,
7422256771726,Dates covered with Dark Chocolate Tamoor,7.75,100g,,,,7422256771726,,
6097718772705,Dates covered with Milk Chocolate TOMOOR,7.50,100g,,,,6097718772705,,
6287005470647,Datuliu Pasta ALSHARQ,5.50,1000g,,,,6287005470647,,
8690777002745,Dideles Baltososios Pupeles SERA,7.99,900g,,,,8690777002745,,
8690504028536,Dido Chocolate Wafer,0.99,35g,,,,8690504028536,,
4015400956082,Dish Soap Citrus FAIRY,2.50,450ml,,,Pramoninės prekės - higienos priemonės,4015400956082,,
4015400956358,Dish Soap Lavander FAIRY,2.50,450ml,,,Pramoninės prekės - higienos priemonės,4015400956358,,
4015400956266,Dish Soap Pomegranate FAIRY,2.50,450ml,,,Pramoninės prekės - higienos priemonės,4015400956266,,
4015400956303,Dish Soap Sensitive chamomile FAIRY,2.50,450ml,,,Pramoninės prekės - higienos priemonės,4015400956303,,
4015400956181,Dish Soap with Apple FAIRY,2.50,450ml,,,Pramoninės prekės - higienos priemonės,4015400956181,,
5908271906968,Dish Sponge Little,2.00,10pcs,,,,5908271906968,,
4779032110747,Dish Sponge PROFI,2.50,10pcs,,,,4779032110747,,
8690530279858,Dispensary Paper Towel SELPAK,3.00,,,,,8690530279858,,
8699237143967,Double Roasted Chickpeas FISTIKCI,7.49,500g,,,,8699237143967,,
8717703797886,Double-Roasted Yellow Chickpeas MIRAS,3.00,250g,,Turkey,,8717703797886,,
86301002,Dovana Rinkyns - HUNKAR,1.00,,,,,86301002,,
0000000117470,Dovanų rinkinys Rožė,13.00,1vnt.,"Rinkinį sudaro kosmetinis rožių vanduo, kremas su rožių aliejumi bei rožių aromato skystasis muilas.",,,117470,,
4262396735904,Dried Apricot HUNKAR,8.49,400g,,,,4262396735904,,
6210999050427,Dried Apricot Paste RAWAA,5.50,400g,,,Džiovinti vaisiai - daržovės / Džiovinti vaisiai,6210999050427,,
8717703622584,Dried Banana Cips HC,4.00,200g,,,,8717703622584,,
4779023392381,Dried Banana GERBIU RAGAS,4.99,250g,,,,4779023392381,,
4772122007750,Dried Cumin Seeds,8.50,1000g,,,,4772122007750,,
4779023392398,Dried Dragon Fruit GERBIU RAGAS,9.49,250g,,,,4779023392398,,
8412554703771,Dried Fig & Almond Fruit Cake  GOOD FIG,4.49,100g,,,,8412554703771,,
8437002760014,Dried Fig GOOD FIG,3.99,500g,,,,8437002760014,,
4262396735737,Dried Fig HUNKAR,7.00,250g,,,,4262396735737,,
4262396735812,Dried Fig HUNKAR,10.00,400g,,,,4262396735812,,
4262396735744,Dried Fig HUNKAR,8.90,400g,,,,4262396735744,,
8437002760151,Dried Fig LA TOCONA,4.99,250g,,,,8437002760151,,
8412554703825,Dried Forest Fruit Cake  GOOD FIG,4.49,100g,,,,8412554703825,,
4779030397065,Dried Goji berries,5.59,200g,,,,4779030397065,,
4779023392220,Dried JackFruit GERYBIU RAGAS,7.00,250g,,,,4779023392220,,
4779023392206,Dried Mango GERYBIU RAGAS,9.99,500g,,,,4779023392206,,
4860109430315,Dried Melon,4.00,50g,,,,4860109430315,,
4260649142707,Dried Mulberry DERMANN,5.90,180g,,,Riešutai - sėklos ir užkandžiai,4260649142707,,
8412554703801,Dried Orange & Almond Fruit Cake  GOOD FIG,4.49,100g,,,,8412554703801,,
4779023392343,Dried Papaya Slices GERYBIU RAGAS,3.65,250g,,,,4779023392343,,
4262396735782,Dried Paprika HUNKAR,5.50,40g,,,,4262396735782,,
4779023392244,Dried Passion Fruit GERYBIU RAGAS,9.99,500g,,,,4779023392244,,
4779023392350,Dried Passion Fruit GERYBIU RAGAS,3.65,250g,,,,4779023392350,,
4779023392251,Dried Pineapple Slices GERYBIU RAGAS,9.99,500g,,,,4779023392251,,
4779023392367,Dried Pineapple Slices GERYBIU RAGAS,3.90,250g,,,,4779023392367,,
6291100212866,Dried Premium Dates KHALAS,7.20,1000g,"Tai aukščiausios kokybės datulės iš Jungtinių Arabų Emyratų. Patrauklus pakuotės dizainas, įkvėptas arabų kultūros, atspindi datulių svarbą senovės arabų gyvenime. Arabų šalyse datulės yra labai vertinamos, tai produktas, kuris visada gali būti randamas ant jų pietų stalo arba net dovanojamas kaip dovana.",,,6291100212866,,
6291100213160,Dried Premium dates KHENAIZI,5.30,500g,"Tai aukščiausios kokybės datulės iš Jungtinių Arabų Emyratų. Patrauklus pakuotės dizainas, įkvėptas arabų kultūros, atspindi datulių svarbą senovės arabų gyvenime. Arabų šalyse datulės yra labai vertinamos, tai produktas, kuris visada gali būti randamas ant jų pietų stalo arba net dovanojamas kaip dovana.",,,6291100213160,,
6291100212804,Dried Premium dates LULU,2.99,250g,"Tai aukščiausios kokybės datulės iš Jungtinių Arabų Emyratų. Patrauklus pakuotės dizainas, įkvėptas arabų kultūros, atspindi datulių svarbą senovės arabų gyvenime. Arabų šalyse datulės yra labai vertinamos, tai produktas, kuris visada gali būti randamas ant jų pietų stalo arba net dovanojamas kaip dovana.",,,6291100212804,,
6291100213184,Dried Premium dates LULU,4.90,500g,"Tai aukščiausios kokybės datulės iš Jungtinių Arabų Emyratų. Patrauklus pakuotės dizainas, įkvėptas arabų kultūros, atspindi datulių svarbą senovės arabų gyvenime. Arabų šalyse datulės yra labai vertinamos, tai produktas, kuris visada gali būti randamas ant jų pietų stalo arba net dovanojamas kaip dovana.",,,6291100213184,,
6927028302098,Dried Roasted Seaweed JHFOODS,4.49,25g,,,,6927028302098,,
5283001118850,Dried Rose Tea ABIDO,6.00,100g,,,Arbata - kava / Vaisinė arbata,5283001118850,,
8809023780324,Dried Seaweed for Salad  ORIENTAL F&B,5.90,20g,,,,8809023780324,,
5903796783056,Dried Shiitake Mushrooms ASIA KITCHEN,4.90,50g,,,,5903796783056,,
4260649142738,Dried Yellow Raisins DERMANN,4.90,200g,,,Džiovinti vaisiai - daržovės,4260649142738,,
4772122002724,Dried anise seeds,4.50,500g,,,,4772122002724,,
8717973290995,Dried apricots ANATOLIA,8.85,300g,,,,8717973290995,,
8681149031555,Dried apricots GULCAN,2.90,300g,,,,8681149031555,,
8717973290346,Dried banana chips ANATOLIA,2.20,175g,,,,8717973290346,,
8717552025161,Dried basil GÜLCAN,2.70,60g,,,,8717552025161,,
8690103292383,Dried black olives (S) MARMARABIRLIK,9.50,400g,,,Alyvuogės / Juodosios alyvuogės,8690103292383,,
8717973291633,Dried coconut ANATOLIA,3.99,200g,,,,8717973291633,,
4779030397089,Dried cranberries,4.49,250g,,,,4779030397089,,
4772122005503,Dried cumin seeds,6.40,500g,,,,4772122005503,,
8717552025352,Dried currant raisins GÜLCAN,0.95,200g,,,Džiovinti vaisiai - daržovės,8717552025352,,
8717552025109,Dried dill GÜLCAN,2.90,50g,,,,8717552025109,,
8693891700153,Dried eggplants ÖNCÜ,4.55,25vnt.,,,,8693891700153,,
4779030397119,Dried eucalyptus leaves,1.39,100g,,,,4779030397119,,
5017689041021,Dried fenugreek leaves TRS,0.99,50g,,,,5017689041021,,
8717973290605,Dried figs ANATOLIA,5.30,300g,,Germany,,8717973290605,,
8717973291640,Dried figs ANATOLIA,3.20,200g,,,,8717973291640,,
8717973292142,Dried figs ANATOLIA,3.99,250g,,,,8717973292142,,
8717973294184,Dried figs ANATOLIA PREMIUM,13.50,1000g,,,,8717973294184,,
4779030396006,Dried fried onions,3.99,200g,,,,4779030396006,,
4779030396846,Dried garlic flakes,4.50,500g,,,,4779030396846,,
8717552025901,Dried hot peppers GÜLCAN,4.40,75g,,,Prieskoniai / Grynieji prieskoniai,8717552025901,,
8717973291176,Dried kiwis ANATOLIA,6.25,200g,,,,8717973291176,,
4779030393906,Dried lemongrass,2.60,50g,,,,4779030393906,,
8693641096277,Dried locust bean GULCAN,3.70,200g,,,,8693641096277,,
8717973291008,Dried mango ANATOLIA,4.99,200g,,,,8717973291008,,
4772122007224,Dried marjoram,1.60,50g,,,,4772122007224,,
8717973291183,Dried melon ANATOLIA,4.99,200g,,,,8717973291183,,
8717552025406,Dried mint GÜLCAN,3.40,60g,,,,8717552025406,,
4779030397133,Dried mint leaves,2.95,50g,,,,4779030397133,,
8717973290933,Dried mulberries ANATOLIA,3.99,200g,,,,8717973290933,,
4779030396082,Dried onion halves,1.89,100g,,,,4779030396082,,
4779030397126,Dried peppermint,0.99,50g,,,Prieskoniai / Grynieji prieskoniai,4779030397126,,
4860109430292,Dried persimmon,4.00,100g,,,,4860109430292,,
8717973291022,Dried pineapples ANATOLIA,4.55,200g,,,,8717973291022,,
8717973290445,Dried pitted dates ANATOLIA,3.50,200g,"Džiovintos datulės – puikus būdas pakeisti paprastą baltąjį cukrų natūraliu. Datulėse gausu vitaminų, skaidulų ir antioksidantų. Naudokite jas kepiniuose kaip natūralų saldiklį arba pasigaminkite desertus su riešutais.",,,8717973290445,,
8717973291190,Dried pitted plums ANATOLIA,3.99,200g,,,,8717973291190,,
8717973290018,Dried plums ANATOLIA,4.80,200g,,,,8717973290018,,
4779030396860,Dried sage leaves,3.99,250g,,,,4779030396860,,
4779030397072,Dried sea buckthorn berries,5.89,150g,,,,4779030397072,,
4779030396013,Dried vegetables for soup,4.99,250g,"Puikiai suderintos daržovės ne tik sriubų gardinimui, bet ir troškinių, įdarų, padažų gamybai.",,,4779030396013,,
4860109430070,Dried watermelon,3.90,50g,,,,4860109430070,,
8690771120209,Druska  BILLUR TUZ,1.50,750g,,Turkey,,8690771120209,,
4870007640181,Druska  MOLIORI,1.00,1000g,,,,4870007640181,,
6217882121011,Dry okra SETALKEL,7.80,200g,,,,6217882121011,,
8697217089014,Dubajaus šokoladas Sultans,5.90,,,,,8697217089014,,
8690504143727,Dubajaus šokoladas ULKER,5.00,93g,,,,8690504143727,,
8699237144292,Dubajaus šokolado keptas kadayifas FISTIKCI,4.99,200g,,,,8699237144292,,
4251871708793,Dubajaus šokolado keptas kadayifas YOREM,4.00,200g,,,,4251871708793,,
8001250152336,"Durum  wheat semolina pasta ""Fettuccine"" DE CECCO",4.70,500g,,,,8001250152336,,
8001250201003,"Durum wheat semolina egg pasta ""Cannelloni"" DE CECCO",3.99,250g,,,,8001250201003,,
8001250201010,"Durum wheat semolina egg pasta ""Pappardelle"" DE CECCO",3.40,250g,,,,8001250201010,,
8001250501073,"Durum wheat semolina egg pasta with spinach ""Tagliatelle"" DE CECCO",3.90,250g,,,,8001250501073,,
8001250120151,"Durum wheat semolina pasta ""Bucatini"" DE CECCO",2.90,500g,,,,8001250120151,,
8009452227128,"Durum wheat semolina pasta ""Casareccia"" LAVORAZIONE ARTIGIANALE",5.90,500g,,,,8009452227128,,
8001250121264,"Durum wheat semolina pasta ""Conchiglioni Rigati"" DE CECCO",4.80,500g,,,,8001250121264,,
8001250152015,"Durum wheat semolina pasta ""Pappardelle"" DE CECCO",5.50,500g,,,,8001250152015,,
8001250152039,"Durum wheat semolina pasta ""Tagliatelle"" DE CECCO",3.60,500g,,,,8001250152039,,
8001250145932,"Durum wheat semolina pasta with tomato and spinach ""Farfale"" DE CECCO",3.70,500g,,,,8001250145932,,
4260452873935,Dvigubai kepti avinžirniai ALIBABA,1.45,150g,,,,4260452873935,,
6217883215139,Dygminai SETALKEL 20g,5.09,200g,,,,6217883215139,,
4779030393043,Dziovinta Smulkinta Cili Pipirai,3.90,100g,,,,4779030393043,,
4860121750668,Dziovinti Adzika IGOETI,2.45,70g,,,,4860121750668,,
4262396737526,Dziovinti Geltonieji Abrikosai HUNKAR,7.99,300g,,,,4262396737526,,
4262396737519,Dziovinti Geltonieji Abrikosai HUNKAR,8.50,500g,,,,4262396737519,,
4262396737533,Dziovinti Juodieji Abrikosai HUNKAR,7.90,300g,,,,4262396737533,,
4772122008696,Dziovinti Smulkinti Ciobreliai,2.80,100g,,,,4772122008696,,
4772122009259,Dziovinti Smulkinti Mairunai,3.35,100g,,,,4772122009259,,
4772122015465,Dziovinti Sulkinti Ciobreliai,1.49,50g,,,,4772122015465,,
4772122009174,Dziovintos  Kumino Seklos,4.30,100g,,,,4772122009174,,
4779030391988,Dziovintos Cesnaku Granules,2.99,,,,,4779030391988,,
4779030391407,Dziovintos Darzoves Sriubai,2.99,100g,,,,4779030391407,,
4772122015458,Dziovintos Raugeriskio Uogos,5.00,100g,,,,4772122015458,,
8680618035841,Džemperis ilg.rankovėmis 9-12mėn.,14.10,1vnt.,,,,8680618035841,,
8680618035872,Džemperis su gobtuvu naujagimiui,14.10,1vnt.,,,,8680618035872,,
8718531645592,Džiovinta juodoji citrina NAZ,2.99,150g,,,,8718531645592,,
8696173138071,Džiovintas saldžiavaisis pupmedis GÜLCAN,3.99,300g,"Džiovintas pupmedis puikiai tiks pasigaminti pupmedžio miltelius – tai puiki alternatyva žmonėms, nevartojantiems kavos, kakavos ir šokolado, nes pupmedis neturi stimuliuojančių medžiagų – kofeino ir teobromino. Saldžiojo pupmedžio miltelius rekomenduojama naudoti: • kepiniuose pilnai arba per pusę keičiant kakavos miltelius; • barstykite ant šaldyto jogurto ar ledų; • maišykite su žemės riešutų (ar kitų riešutų) sviestu kartu su cinamonu, imbierais, kardamonais ir naudokite obuolių, kriaušių, persikų ar apelsinų skiltelėms mirkyti; • maišant tešlą blynams, ketvirtadalį įprastų miltų keiskite pupmedžio milteliais, nedėkite cukraus ir pridėkite papildomai šaukštą aliejaus ar sviesto; • maišykite į pašildytą pieną su medumi.",,,8696173138071,,
8690787361054,Džiovinti abrikosai TADIM 150g,6.09,300g,,,,8690787361054,,
6217881011016,Džiovinti dedešvos lapeliai SETALKEL,3.90,200g,,,,6217881011016,,
6211263101036,Džiovinti vaisiai su kauliukais SETALKEL,7.20,400g,,,,6211263101036,,
0600916352349,Džiovintos Kalahari datulės KARSTEN,15.90,908g,"Džiovintos datulės – puikus būdas pakeisti paprastą baltąjį cukrų natūraliu. Datulėse gausu vitaminų, skaidulų ir antioksidantų. Naudokite jas kepiniuose kaip natūralų saldiklį arba pasigaminkite desertus su riešutais.",,,600916352349,,
8693891700160,Džiovintos paprikos 25vnt. ONCU,5.60,40g,,,,8693891700160,,
8717552025383,Džiovintos petražolės GÜLCAN,1.90,50g,,,,8717552025383,,
6217000019824,Džiovintų abrikosų pasta THE FAIR,4.30,400g,,,,6217000019824,,
6211263102033,Džiovintų abrikosų pasta kubeliais SETALKEL,5.60,400g,,,,6211263102033,,
6211263103030,Džiovintų abrikosų pasta roll SETALKEL,5.60,400g,,,,6211263103030,,
4760062100945,Earl Grey Instant Tea AZERCAY,5.99,100pcs,,,Arbata - kava / Juodoji arbata,4760062100945,,
4760062100297,Earl Grey Tea AZERCAY,3.50,100g,,,Arbata - kava / Juodoji arbata,4760062100297,,
3324002124005,Easy Cook Rice PALMIER,19.90,5000g,,,,3324002124005,,
8710605092325,Egg Noodles GO_TAN,3.00,250g,,,,8710605092325,,
8691573012587,Eggplant salad BURCU,4.99,560g,,,,8691573012587,,
6210241385130,Eggplant spread (Baba ganoush) DURRA,2.80,370g,,,,6210241385130,,
8691573027192,Eggplant with vegetables BURCU,2.50,400g,,,,8691573027192,,
8690576029202,Erişte pasta ANKARA,0.75,500g,,Turkey,,8690576029202,,
4260637869104,Erškėtrožių arbata ALIBABA,3.49,150g,,,,4260637869104,,
8691440405009,Extra Coarse Bulgur DURU,15.00,5000g,,,,8691440405009,,
8717703791006,Extra Grove Bulgur MIRAS,4.45,1000g,,,,8717703791006,,
5011308306263,Extra Hot Curry Paste PATAK'S,6.00,283g,,,Padažai - pastos ir užtepėlės / Padažai,5011308306263,,
5601517310825,Extra Hot Sauce SACANA,4.50,75ml,,,Padažai - pastos ir užtepėlės,5601517310825,,
8720301100354,Extra Long Rice ROYAL TIGER,5.50,1000g,,,,8720301100354,,
8001876012595,Extra Virgin Olive Oil (Greek) COLAVITA,17.25,750ml,,Italy,Actas - aliejus / Aliejus,8001876012595,,
8001876012144,Extra Virgin Olive Oil (Italy) COLAVITA,15.90,750ml,,Italy,Actas - aliejus / Aliejus,8001876012144,,
8001876000486,Extra Virgin Olive Oil (Portuguese) COLAVITA,15.50,750ml,,Italy,Actas - aliejus / Aliejus,8001876000486,,
8001876012632,Extra Virgin Olive Oil (Spanish) COLAVITA,15.90,750ml,,Italy,Actas - aliejus / Aliejus,8001876012632,,
8001876012588,Extra Virgin Olive Oil Mild Flavor (Meditteranean) COLAVITA,14.90,750ml,,Italy,Actas - aliejus / Aliejus,8001876012588,,
8691573090318,Extra coarse bulgur BURCU,4.99,1000g,"Šviesios bulgur kruopos tai dažniausiai randama kvietinių kruopų rūšis pasaulyje. Geltona spalva tai natūrali kietųjų kviečių kruopų spalva. Kaip paruošti bulgurą? Pakepinkite svogūną, sumaišykite jį su pomidorų pasta, užberkite druskos Ir pipirų. Nuplautas bulguro kruopas sudėkite į keptuvę ir trumpai pakepinkite kartu su svogūnais. Užpilkite kruopas virintu vandeniu (1 stiklinei kruopų reikalinga 1½ stiklinės karšto vandens) ir, užvirus, troškinkite ant lėtos ugnies 10-12 min., kol visas vanduo išgaruos.",,,8691573090318,,
4251354801423,Extra coarse wheat GÜLCAN,3.99,1000g,,,,4251354801423,,
5012389670762,Extra spicy hot pepper sauce ENCONA,2.99,142ml,,,Padažai - pastos ir užtepėlės / Padažai,5012389670762,,
5200141720439,Extra virgin olive oil,15.50,1000ml,,,Actas - aliejus / Aliejus,5200141720439,,
5213004191901,Extra virgin olive oil SPARTA GROVES PREMIUM,21.90,700ml,,,Actas - aliejus / Aliejus,5213004191901,,
5200141720477,Extra virgin olive oil condiment spray with dried Greek herbs,9.90,250ml,,,Actas - aliejus / Aliejus,5200141720477,,
5200141720460,Extra virgin olive oil condiment spray with natural pepper and chilli,9.90,250ml,,,Actas - aliejus / Aliejus,5200141720460,,
8010939000288,Extra virgin olive oil with truffle TARTUFLANGHE,15.50,100ml,,,Actas - aliejus / Aliejus,8010939000288,,
8009346005122,Extra virgin olive oil with truffle aroma SPERONI,7.20,250ml,,,Actas - aliejus / Aliejus,8009346005122,,
5200141720446,Extra virgin premium blend olive oil,14.50,500ml,,,Actas - aliejus / Aliejus,5200141720446,,
4251871703453,Ezine Baltasis Suris  YOREM,8.90,400g,,,,4251871703453,,
8410525159039,FINI Ritinėlis su vaisių skonio,0.29,20g,,,,8410525159039,,
8410525147777,FINI Shooter su vaisių skonio,0.99,16g,,,,8410525147777,,
8410525178085,FINI guminukai,2.50,75g,,,,8410525178085,,
8410525116797,FINI guminukai,2.50,75g,,,,8410525116797,,
8410525116810,FINI guminukai,2.50,75g,,,,8410525116810,,
8410525119019,FINI guminukai,2.50,75g,,,,8410525119019,,
8410525258282,FINI guminukai,2.50,75g,,,,8410525258282,,
8410525122903,FINI guminukai,2.50,75g,,,,8410525122903,,
8410525116681,FINI guminukai,2.50,75g,,,,8410525116681,,
8410525238451,FINI guminukai,2.50,75g,,,,8410525238451,,
8410525151743,FINI guminukai,2.50,75g,,,,8410525151743,,
8410525211096,FINI guminukai,2.50,75g,,,,8410525211096,,
8410525183768,FINI guminukai,2.50,75g,,,,8410525183768,,
8410525116728,FINI guminukai,2.50,75g,,,,8410525116728,,
8410525240485,FINI guminukai,2.50,75g,,,,8410525240485,,
8410525231506,FINI guminukai,2.50,75g,,,,8410525231506,,
8410525231575,FINI guminukai,2.50,75g,,,,8410525231575,,
8410525121500,FINI guminukai,2.50,75g,,,,8410525121500,,
8410525116742,FINI guminukai,2.50,75g,,,,8410525116742,,
8410525116803,FINI guminukai,2.50,75g,,,,8410525116803,,
8410525143403,FINI guminukai,2.50,75g,,,,8410525143403,,
8410525254109,FINI guminukai,2.50,75g,,,,8410525254109,,
8410525116766,FINI guminukai,2.50,75g,,,,8410525116766,,
8410525116759,FINI guminukai ,2.50,75g,,,,8410525116759,,
8410525147906,FINI guminukai ,2.50,75g,,,,8410525147906,,
8410525150364,FINI guminukai ,2.50,75g,,,,8410525150364,,
8410525231513,FINI guminukai ,2.50,75g,,,,8410525231513,,
8410525116780,FINI guminukai (kopija),2.50,75g,,,,8410525116780,,
8410525224133,FINI guminukai (kopija),2.50,75g,,,,8410525224133,,
8410525233883,FINI kramtomoji guma - Bull,0.19,4.5g,,,,8410525233883,,
8410525200281,FINI kramtomoji guma - Cola,0.19,"4.5g_x000D_
",,,,8410525200281,,
8410525193576,FINI kramtomoji guma - Destroyer,0.19,"4.5g_x000D_
",,,,8410525193576,,
8410525196553,FINI kramtomoji guma - Dino kiaušiniai,0.19,"4.5g_x000D_
",,,,8410525196553,,
8410525243653,FINI kramtomoji guma - Raketa ,0.19,"4.5g_x000D_
",,,,8410525243653,,
8410525215100,FINI kramtomoji guma - Vampyras ,0.19,"4.5g_x000D_
",,,,8410525215100,,
8410525238031,FINI kramtomoji guma - Vienaragis,0.19,"4.5g_x000D_
",,,,8410525238031,,
8410525224096,FINI kramtomoji guma - Zombiai ,0.19,"4.5g_x000D_
",,,,8410525224096,,
8410525209901,FINI kramtomoji guma - arbūzas,0.19,"4.5g_x000D_
",,,,8410525209901,,
8410525198878,FINI kramtomoji guma - bananas,0.19,"4.5g_x000D_
",,,,8410525198878,,
8410525184833,FINI kramtomoji guma - kupranugaris,0.19,"4.5g_x000D_
",,,,8410525184833,,
8410525194375,FINI kramtomoji guma - saldumynai,0.19,"4.5g_x000D_
",,,,8410525194375,,
8410525200229,FINI kramtomoji guma - statinės ,0.19,"4.5g_x000D_
",,,,8410525200229,,
8410525186608,FINI kramtomoji guma - teniso kamuoliukas,0.19,"4.5g_x000D_
",,,,8410525186608,,
8410525200182,FINI ritinėlis su arbūzo skonio,0.29,20g,,,,8410525200182,,
8410525127465,FINI ritinėlis su braškių skoniu,0.29,20g,,,,8410525127465,,
5285001402625,Falafel mix CHTOURA GARDEN,3.90,200g,,,,5285001402625,,
8690524155335,Falim Gum with Baking soda,0.45,8g,,,,8690524155335,,
54492851,Fanta,1.49,250ml,,,,54492851,,
8690576029226,Farfalle Tonde pasta ANKARA,0.75,500g,,Turkey,,8690576029226,,
8691573012501,Fava beans BURCU,5.10,1000g,,,,8691573012501,,
5285001400096,Fava beans CHTOURA GARDEN,1.30,475g,,,,5285001400096,,
5285001400102,Fava beans CHTOURA GARDEN,2.80,850g,,,,5285001400102,,
6210242293168,Fava beans DURRA,1.10,400g,,,,6210242293168,,
4251354801072,Fava beans GÜLCAN,7.69,1000g,,,,4251354801072,,
4251354801102,Fava beans NERGIZ AKSIYON,4.20,800g,,,,4251354801102,,
5285001400126,Fava beans with chickpeas CHTOURA GARDEN,1.40,475g,,,,5285001400126,,
5285001400164,Fava beans with chili CHTOURA GARDEN,1.40,400g,,,,5285001400164,,
03289401029,Fava pupos su čili paprika CALIFORNIA GARDEN,1.70,400g,,,,3289401029,,
4868046132125,Feichijo Jam GRUZIJOS SKONIS,5.90,300g,,,,4868046132125,,
4860108711361,Feijo Dzemas,3.90,,,,,4860108711361,,
4760068000041,Feijoa juice with slices BIZIM TARLA,4.75,1000ml,,Azerbaijan,,4760068000041,,
4860006371131,Feijoa preserve,7.00,650g,,,,4860006371131,,
4779030397096,Fennel seeds,1.99,150g,"Pankolis – žinomas kaip „saldusis kmynas“. Visuose Indijos restoranuose po valgio kartu su sąskaita atnešamas indelis su pankolio sėklomis. Kramtomos jos išvalo dantis nuo maisto likučių, aromatas atšviežina burną ir kvėpavimą. Šis augalas pasižymi lengvu krapų ir anyžių skonių mišiniu, švelniu skoniu, todėl dažnai yra naudojamas kaip garnyras prie įvairiausių mėsos ir žuvies patiekalų, kaip ingredientas daržovių troškiniuose. Pankoliai yra vėsinančio, saldaus skonio.",,,4779030397096,,
8717552025093,Fennel seeds GÜLCAN,3.90,200g,"Juodgrūdė – nuostabiai tinka pusryčiams: dedama į košes, varškę, taip pat į daržovių patiekalus, tešlos gaminius. Juodgrūdės sėklos pasižymi daugybę naudingųjų savybių. Juodgrūdę galima valgyti ir vieną arba gerti sumaišius su šiltu vandeniu ir medumi.",,,8717552025093,,
4779030397034,Fenugreek seeds,4.25,300g,,,,4779030397034,,
8717552027851,Fenugreek seeds GÜLCAN,3.20,200g,"Valgant nekepintas ožragės sėklas jų skonis kartus, tačiau jas pakepinus jis virsta švelnesnis. Ožragė labai tinka su ankštiniais patiekalais. Ožragės sėklomis aromatizuojami sūriai, jos nepakeičiamos gaminant daržovių patiekalus, sriubas.",,,8717552027851,,
8412554000801,Fig And Almond Cake GOOD FIG,6.99,200g,,,,8412554000801,,
4760018504742,Fig Jam BIZIM TARLA,4.95,400g,,,,4760018504742,,
8437002760168,Fig Jam GOOD FIG,2.99,40g,,,,8437002760168,,
8437015888224,Fig Jam GOOD FIG,5.00,210g,,,,8437015888224,,
5949093516164,Fig Jam GRANDE NATURA ,4.00,490g,,,,5949093516164,,
4868046132286,Fig Jam GRUZIJOS SKONIS,5.49,300g,,,,4868046132286,,
8690777401333,Fig Jam SERA,4.50,370g,,,,8690777401333,,
8437015888231,Fig Jam with Chocolate GOOD FIG,5.25,210g,,,,8437015888231,,
8437002760182,Fig Jam with Chocolate GOOD FIG,2.99,40g,,,,8437002760182,,
8437002760175,Fig Jam with Orange GOOD FIG,2.99,40g,,,,8437002760175,,
8437015888248,Fig Jam with Orange GOOD FIG,5.40,210g,,,,8437015888248,,
8690949000289,Fig bar with nuts TEMPO,1.29,50g,,,,8690949000289,,
8690949000197,Fig bar with nuts TEMPO,1.45,45g,,,,8690949000197,,
6210241221179,Fig fruit spread with walnut DURRA,5.00,430g,,,,6210241221179,,
3045320009293,Fig jam,3.60,370g,,,,3045320009293,,
8691573095917,Fig jam BURCU,2.50,380g,,,,8691573095917,,
6210241201171,Fig jam DURRA,4.09,430g,,,,6210241201171,,
4262396735188,Fig jam HUNKAR,4.50,380g,,,,4262396735188,,
5285001408085,Fig jam with sesame seeds and walnuts CHTOURA GARDEN,6.60,454g,,,,5285001408085,,
5412294120572,Fig lokum with walnuts SARAY,8.90,300g,,,Saldumynai (chalva - lokumas - šokoladas - batonėliai),5412294120572,,
8690949000517,Fig paste TEMPO,1.20,40g,,,Sirupai - džemai - uogienės - sezamo pasta,8690949000517,,
4860006370134,Fig's preserve,6.90,650g,,,,4860006370134,,
8691573095481,Figs jam BURCU,5.55,700g,,,,8691573095481,,
4260394341059,Figu Pasta ELIFCE,4.49,255g,,,,4260394341059,,
4027394001082,Filo dough for baklava YAYLA,1.50,470g,,,,4027394001082,,
5425005720015,Filo pastry for baklava AU BLE D'OR,4.99,470g,,,,5425005720015,,
8693730010603,Filo tešla Šviežia Kadayif OZYUFKA,4.99,400g,,,,8693730010603,,
4260467599066,Filo tešla Šviežia Kadayif YOREM,4.25,400g,,,,4260467599066,,
4260193515453,Filo tešlos lakštai baklavai YOREM,5.49,480g,,,,4260193515453,,
8691573093289,Fine Bulgur BURCU,9.49,5000g,,,,8691573093289,,
8691573090189,Fine Jerish BURCU,2.00,1000g,,Turkey,,8691573090189,,
4251354802000,Fine Jerish GULCAN,9.49,5000g,,Turkey,,4251354802000,,
4251354801706,Fine brown bulgur GULCAN,2.90,1000g,Tamsios bulgur kruopos yra gaminamos iš raudonųjų kviečių bezostaja arba golia. Jos yra minkštesnės bei turi stipresnį skonį nei šviesios bulgur kruopos. Taip pat pasižymi didesniu skaidulinių medžiagų kiekiu.,,,4251354801706,,
4251354801607,Fine bulgur BURCU,2.99,1000g,,,,4251354801607,,
4251354801980,Fine bulgur GÜLCAN,4.35,1000g,,,,4251354801980,,
4027394001358,Fine bulgur YAYLA,3.50,900g,,,,4027394001358,,
8011033111009,Fine couscous ALIBABA,3.90,1000g,,,,8011033111009,,
8691573090134,Fine dark bulgur BURCU,4.50,1000g,,,,8691573090134,,
8852646284007,Finest Rice Stick M THAI DANCER ,4.49,400g,,,,8852646284007,,
8852646274008,Finest Rice Stick S THAI DANCER,4.90,400g,,,,8852646274008,,
8853662044125,Fish Sauce FLYING GOOSE BRAND ,5.95,295ml,,,Padažai - pastos ir užtepėlės,8853662044125,,
8850620888012,Fish Sauce SQUID,3.00,300ml,,,Padažai - pastos ir užtepėlės,8850620888012,,
8850213102006,Fish sauce NAM PLA,2.20,200ml,,,Padažai - pastos ir užtepėlės,8850213102006,,
8850620888203,Fish sauce SQUID BRAND,5.65,725ml,,,Padažai - pastos ir užtepėlės,8850620888203,,
8690906006729,Fish seasoning BAŞAK,1.69,60g,,,,8690906006729,,
4027394009026,Flour tortillas FULYA,2.99,560g,,,,4027394009026,,
8717552025635,Four pepper spices GÜLCAN,7.80,180g,,,Prieskoniai / Grynieji prieskoniai,8717552025635,,
4260678490077,Fresh Mazafati Dates VITATIPS,7.00,580g,,,,4260678490077,,
8809059291290,Fresh Udon Noodles  HC,2.90,200g,,,,8809059291290,,
8690575047115,Fried Eggplant Slices TURTAMEK,5.99,380g,,,,8690575047115,,
86826318087718,Fruit Candy Circle YUTTY,1.49,25g,,,,86826318087718,,
8682631808778,Fruit Candys Spiral YUTTY,0.90,25g,,,,8682631808778,,
8691216018181,Fruit and cola flavoured gummies HARIBO,2.50,100g,,,,8691216018181,,
8717973293293,Fruit flavored lokum ANATOLIA,3.99,250g,,,Saldumynai (chalva - lokumas - šokoladas - batonėliai),8717973293293,,
8693641021224,Fruit flavored lokum AVŞARLAR,3.50,350g,,,Saldumynai (chalva - lokumas - šokoladas - batonėliai),8693641021224,,
8693641000090,Fruit flavored lokum Egzotik AVŞARLAR,6.99,500g,,,Saldumynai (chalva - lokumas - šokoladas - batonėliai),8693641000090,,
8690576029172,Fusilli ANKARA,0.75,500g,,Turkey,,8690576029172,,
8680618011777,Galvos puošmena,7.10,1vnt.,,,,8680618011777,,
4770522834983,Garbage Bag 100L HOME EXPERT,3.49,10pcs,,,,4770522834983,,
8001876043841,Garlic Essence Olive Oil COLAVITA,6.49,250ml,,Italy,Actas - aliejus / Aliejus,8001876043841,,
60817104139,Garlic and ginger paste SWAD,5.35,300g,,,Padažai - pastos ir užtepėlės / Padažai,60817104139,,
7178601000026,Garlic and ginger puree PASCO,3.90,270g,,,,7178601000026,,
4027394005714,Garlic beef sausage Sucuk YAYLA,8.99,500g,"Visi YAYLA mėsos gaminiai yra sertifikuoti pagal Europos standartus. Halal sertifikatas taip pat užtikrinamas visiems YAYLA maisto produktams. Ypatingas dėmėsys ingredientų pasirinkimui, perdirbimui ir paruošimui yra pagrindinės priežastys, dėl kurių YAYLA produktai yra tokie skanūs.",,,4027394005714,,
4027394005707,Garlic beef sausage Sucuk YAYLA,5.40,250g,"Visi YAYLA mėsos gaminiai yra sertifikuoti pagal Europos standartus. Halal sertifikatas taip pat užtikrinamas visiems YAYLA maisto produktams. Ypatingas dėmėsys ingredientų pasirinkimui, perdirbimui ir paruošimui yra pagrindinės priežastys, dėl kurių YAYLA produktai yra tokie skanūs.",,,4027394005707,,
4027394005738,Garlic beef sausage Sucuk YAYLA,10.50,450g,"Visi YAYLA mėsos gaminiai yra sertifikuoti pagal Europos standartus. Halal sertifikatas taip pat užtikrinamas visiems YAYLA maisto produktams. Ypatingas dėmėsys ingredientų pasirinkimui, perdirbimui ir paruošimui yra pagrindinės priežastys, dėl kurių YAYLA produktai yra tokie skanūs.",,,4027394005738,,
8717552025451,Garlic flakes GÜLCAN,4.50,200g,,,,8717552025451,,
7178600000881,Garlic paste PASCO,3.50,270g,,,Padažai - pastos ir užtepėlės / Padažai,7178600000881,,
60817104013,Garlic paste SWAD,3.90,300g,,,Padažai - pastos ir užtepėlės / Padažai,60817104013,,
8690777060172,Garlic pickle SERA,5.99,340g,,,,8690777060172,,
4772122002700,Garlic powder,2.99,500g,,,,4772122002700,,
8717552025444,Garlic powder GÜLCAN,3.90,200g,,,,8717552025444,,
5017689002428,Garlic powder TRS,1.69,100g,,,,5017689002428,,
8691573088759,Garlic sauce BURCU,2.20,250g,,,Padažai - pastos ir užtepėlės,8691573088759,,
4027394005370,Garlic sausage salami YAYLA,5.30,200g,,,,4027394005370,,
8717552025734,Garstyčių sėklos Gulcan 200g,3.00,120g,,,,8717552025734,,
4770405228854,Gazuotas AKVILE,1.89,330ml,,,,4770405228854,,
8691381000332,Gazuotas Gėrimas BEYPAZARI,1.35,200ml,,,,8691381000332,,
5000112658361,Gazuotas NEPTUNAS,1.00,500ml,,,,5000112658361,,
0613008763497,Gazuotas gerimas su juodaja arbata ir Citrinu Skonio,1.89,330ml,,,,613008763497,,
8699067031168,Gazuotas mineralinis vanduo su apelsinų skonio FRUGA,0.95,250ml,,,,8699067031168,,
8699067031342,Gazuotas mineralinis vanduo su gervuogėmis skonio FRUGA,0.95,250ml,,,,8699067031342,,
8699067031243,Gazuotas mineralinis vanduo su mandarinais skonio FRUGA,1.25,250ml,,,,8699067031243,,
8699067031366,Gazuotas mineralinis vanduo su vaisių mišiniu skonio FRUGA,0.75,250ml,,,,8699067031366,,
08490900235,Geltona kario pasta,5.30,400g,,,,8490900235,,
8690787281055,Geltonos razinos TADIM 150g,2.30,250g,,,,8690787281055,,
8697771150632,Geltonosios Ryžiai SERA,5.90,1000g,,,,8697771150632,,
4860001124152,Georgian Lemonade with Cream NATAKHTARI,2.99,500ml,,,,4860001124152,,
4779058760117,Georgian Lemonade with Cream flavour  ZANDUKELI,1.80,500ml,,,,4779058760117,,
4779058760148,Georgian Lemonade with Grape flavour  ZANDUKELI,3.50,500ml,,,,4779058760148,,
4779058760131,Georgian Lemonade with Lemon flavour  ZANDUKELI,1.80,500ml,,,,4779058760131,,
4860001124138,Georgian Lemonade with Pear NATAKHTARI  ,2.99,500ml,,,,4860001124138,,
4779058760124,Georgian Lemonade with Pear flavour  ZANDUKELI,3.49,500ml,,,,4779058760124,,
4779058760100,Georgian Lemonade with Peletruno flavour  ZANDUKELI,3.49,500ml,,,,4779058760100,,
4860001124169,Georgian Lemonade with Saperavi NATAKHTARI,3.00,500ml,,,,4860001124169,,
4860001124145,Georgian Lemonade with Tarragon NATAKHTARI ,2.99,500ml,,,,4860001124145,,
4860019001612,Georgian Mineral Water Glass BORJOMI,2.15,500ml,,,,4860019001612,,
4860019001605,Georgian Mineral Water Glass BORJOMI,1.95,330ml,,,,4860019001605,,
8684477430168,Gervuogių skonio gėrimas su bazilikų sėklomis MONTANA,2.49,250ml,,,,8684477430168,,
8691573086021,Gherkins BURCU,3.50,320g,,,,8691573086021,,
8699401580345,Ginger and herb mixture DORA LIFE,5.00,400g,"Sveikuoliška pasta medaus, imbiero ir galangalo pagrindu (alpių vaistas), ypač rekomenduojama nuo peršalimo, kosulio ir imunitetui. \n \nGalangalas – gydomasis alpinis: \n \n- produktas, naudingas gydant kosulį, astmą, \n \n- turi šildantį poveikį, palaiko kovą su gripu ir peršalimu \n \n- turi karščiavimą mažinantį poveikį \n \n- padeda nuo nuovargio ir silpnumo. \n \n„Zencefilli Dosra life pastos gydomosios savybės: \n \n- viršutiniams kvėpavimo takams \n \n- peršalimui \n \n- Reguliuoja cukraus ir cholesterolio kiekį \n \n- skatina svorio metimą \n \n- stiprina širdį \n \n- padeda esant skrandžio ir žarnyno spazmams \n \n- skrandžio sutrikimų lengvinimui \n \nTaikymas: \n \nGerti po 2 arbatinius šaukštelius prieš valgį, ryte ir vakare. \n \nGrynasis svoris: 400 gr. \n \nSudėtis: medus, vynuogių sirupas, maltozė, imbieras, cinamonas, ciberžolė, galangal, pupmedis, gvazdikėliai, saldymedis, erškėtrožė, eukalipto aliejus, pipirmetės aliejus.",,,8699401580345,,
8699432206030,Ginger and honey tea DOGADAN,3.40,26g,,,Arbata - kava / Žolelių arbata,8699432206030,,
60817104025,Ginger paste SWAD,3.90,300g,,,Padažai - pastos ir užtepėlės / Padažai,60817104025,,
8717552025611,Ginger powder GULCAN,3.99,150g,,,,8717552025611,,
4316734073897,Glass noodles DIAMOND,6.40,500g,,,,4316734073897,,
8009452226657,Gluten free Spaghetti LAVORAZIONE ARTIGIANALE,3.49,250g,,,,8009452226657,,
8001250014290,"Gluten free pasta with green peas ""Fusilli"" DE CECCO",3.80,250g,,,,8001250014290,,
8009452275730,"Gluten free pasta with green peas ""Fusilli"" LAVORAZIONE ARTIGIANALE",2.99,250g,,,,8009452275730,,
8001250014313,"Gluten free pasta with green peas ""Penne rigate"" DE CECCO",3.80,250g,,,,8001250014313,,
8001250013859,"Gluten free potato dumplings ""Gnocchi"" DE CECCO",3.90,500g,,,,8001250013859,,
8904304501787,Gluten-free basmati rice SWAD,6.99,1000g,,,,8904304501787,,
8718951384880,Glycerin olive soap HACI SAKIR,7.90,500g,,,Pramoninės prekės - higienos priemonės,8718951384880,,
4027394034301,Goat Cheese YAYLA,3.85,150g,,,,4027394034301,,
4027394003420,Goat Cheese in Brine %50 fat YAYLA,17.00,800g,,,,4027394003420,,
4027394003437,Goat cheese YAYLA,3.30,200g,"Pieno produktai yra svarbiausios YAYLA produktų asortimento dalys, todėl jie yra perdirbami ir gaminami tik iš aukščiausios kokybės, pripažintų, sertifikuotų, ekologiškai tvarių Europos ūkių ingredientų. Gamyba vykdoma naudojant moderniausias technologijas, kurios atitinka reikalavimus energijos vartojimo efektyvumo, tvarumo ir kokybės atžvilgiu. Klientai gauna produktą, kuriuo gali mėgautis žinodami, jog jis buvo pagamintas atsakingai ir kokybiškai.",,,4027394003437,,
4027394003413,Goat cheese in brine (50% fat) YAYLA,11.00,400g,"Pieno produktai yra svarbiausios YAYLA produktų asortimento dalys, todėl jie yra perdirbami ir gaminami tik iš aukščiausios kokybės, pripažintų, sertifikuotų, ekologiškai tvarių Europos ūkių ingredientų. Gamyba vykdoma naudojant moderniausias technologijas, kurios atitinka reikalavimus energijos vartojimo efektyvumo, tvarumo ir kokybės atžvilgiu. Klientai gauna produktą, kuriuo gali mėgautis žinodami, jog jis buvo pagamintas atsakingai ir kokybiškai.",Netherlands,,4027394003413,,
4262396730008,Golden Raisins HUNKAR,6.90,400g,,,Džiovinti vaisiai - daržovės,4262396730008,,
8717703790528,Golden Raisins Medium MIRAS,6.90,300g,,,Džiovinti vaisiai - daržovės,8717703790528,,
4260678490404,Golden Raisins VITATIPS,5.90,250g,,,Džiovinti vaisiai - daržovės,4260678490404,,
8690103114142,Gourmet Black Olives MARMARABIRLIK,8.99,400g,,,Alyvuogės / Juodosios alyvuogės,8690103114142,,
8690103114166,Gourmet Black Olives MARMARABIRLIK,9.49,400g,,,Alyvuogės / Juodosios alyvuogės,8690103114166,,
4772122002281,Gourmet spice blend,3.60,120g,,,,4772122002281,,
4250129821581,Graikiniai riešutai vynuogių sirupe 300g FEYZA,2.50,70g,,,,4250129821581,,
8690777066129,Graikiniai riešutai vynuogių sirupe SERA,2.00,80g,,,,8690777066129,,
8682179402568,Graikiniai riešutai vynuogių sirupe su granatu skonio SIRECIZADE,2.40,80g,,,,8682179402568,,
8717552025222,Grain cloves GULCAN,7.95,130g,,,,8717552025222,,
4260637867834,Granatų padažas ALIBABA,8.99,330g,,,,4260637867834,,
8697217081414,Granatų skonio tirpusis gėrimas USAS,3.99,250g,,,,8697217081414,,
2098765890392,Granit Fry Pan UNIWELL,29.90,28cm,,,,2098765890392,,
2098765896813,Granite Fry Pan UNIWELL,24.90,28cm,,,,2098765896813,,
8850389116968,Grape Fruit Flavored Drink MOGU MOGU ,2.99,320ml,,,,8850389116968,,
4770569914334,Grape Juice GRANINI,1.89,250ml,,,,4770569914334,,
4260394340038,Grape Leaves ELIFCE,7.90,400g,,,,4260394340038,,
8681330541320,Grape Leaves TRILYA,6.90,350g,,,,8681330541320,,
4262396735300,Grape Molasses HUNKAR,5.25,380g,,,,4262396735300,,
8697436526697,Grape Paste with Walnuts CILOGLU,2.00,80g,,Turkey,Saldumynai (chalva - lokumas - šokoladas - batonėliai) / Batonėliai - sausainiai,8697436526697,,
8697669840034,Grape Paste with Walnuts SEYYIDLER,1.90,80g,,,Saldumynai (chalva - lokumas - šokoladas - batonėliai) / Batonėliai - sausainiai,8697669840034,,
8690777017411,Grape Paste with Walnuts and Orange flavored SERA,6.90,300g,,,Saldumynai (chalva - lokumas - šokoladas - batonėliai) / Batonėliai - sausainiai,8690777017411,,
8697436526710,Grape Paste with Walnuts and Pomegranate Flavour CILOGLU,2.00,80g,,,Saldumynai (chalva - lokumas - šokoladas - batonėliai) / Batonėliai - sausainiai,8697436526710,,
8699237142854,Grape Pulp Filled With Pistachio FISTIKCI,6.50,300g,,,,8699237142854,,
4260157581050,Grape Syrup BURAM,3.99,640g,,Turkey,Sirupai - džemai - uogienės - sezamo pasta,4260157581050,,
8691685019566,Grape blossom soap EYÜP SABRI TUNCER,3.99,500ml,,,Pramoninės prekės - higienos priemonės,8691685019566,,
6261004000715,Grape juice 1&amp;1,3.99,330ml,,,,6261004000715,,
4760068002243,Grape leaves BIZIM TARLA,6.90,640g,"Vynuogių lapai plačiai naudojami įvairiose pasaulio šalyse. Jie yra labai maistingi, kadangi jų sudėtyje yra vitaminų ir kitų naudingųjų maistinių medžiagų. Konservuoti vynuogių lapai yra jau paruošti naudojimui, o kadangi jie lengvai paruošiami bet kas gali pasigaminti ryžiais ar daržovėmis  įdarytus vynuogių lapus.",,,4760068002243,,
8692477297100,Grape leaves ERBAA,4.50,730g,,,,8692477297100,,
5213010840947,Grape spoon sweet,5.00,110g,,,,5213010840947,,
8699424285906,Grape syrup GULCAN,4.00,450g,,,Sirupai - džemai - uogienės - sezamo pasta,8699424285906,,
8693638025501,Grape syrup SITOGLU,3.60,380g,,,Sirupai - džemai - uogienės - sezamo pasta,8693638025501,,
8697890332322,Grape syrup ŞENAY,8.70,600g,,,Sirupai - džemai - uogienės - sezamo pasta,8697890332322,,
8693234337596,Grape vinegar GÜLCAN,1.99,750ml,,,,8693234337596,,
8693234333581,Grape vinegar GÜLCAN,1.75,500ml,,,,8693234333581,,
8001876046545,Grapeseed Oil COLAVITA,10.00,750ml,,,,8001876046545,,
5213010840923,Greek green olives,6.50,300g,,,Alyvuogės / Žaliosios alyvuogės,5213010840923,,
8696801001401,Greek peppers CICEK,3.50,620g,,,Konservuotas maistas / Marinuotos daržovės,8696801001401,,
5213010840985,Greek whole kalamon olives,6.50,300g,,,Alyvuogės / Žaliosios alyvuogės,5213010840985,,
4868046130053,Green Adjika Sauce (Spicy) GRUZIJOS SKONIS ,3.90,220g,,,Padažai - pastos ir užtepėlės,4868046130053,,
4868046130725,Green Cherry Sauce (Medium Spicy) GRUZIJOS SKONIS,3.25,330g,,,Padažai - pastos ir užtepėlės,4868046130725,,
8697420699376,Green Harissa paste CEREN,2.69,190g,,,Padažai - pastos ir užtepėlės / Padažai,8697420699376,,
7311310031268,Green Jalapeno Relish SANTA MARIA,2.99,300g,,,,7311310031268,,
4262396730411,Green Lentils HUNKAR,5.90,1000g,,,,4262396730411,,
8690777009607,Green Mung Beans SERA,4.99,1000g,,,,8690777009607,,
5203224310091,Green Olives AMALTHIA,2.49,230g,,Greece,Alyvuogės / Žaliosios alyvuogės,5203224310091,,
5203224312323,Green Olives AMALTHIA,2.99,200g,,Greece,Alyvuogės / Žaliosios alyvuogės,5203224312323,,
011210009387,Green Pepper Sauce TABASCO,3.90,60ml,,,Padažai - pastos ir užtepėlės / Padažai,11210009387,,
4260678490343,Green Raisins VITATIPS,6.50,250g,,,Džiovinti vaisiai - daržovės,4260678490343,,
8717703797763,Green Split Pea MIRAS,6.49,900g,,,,8717703797763,,
613008762520,Green Tea With Honey&Peach ARIZONA,1.40,330ml,,,Gėrimai (sultys - gaivieji gėrimai) / Gaivieji gėrimai,613008762520,,
4771459691977,Green Tea Zero Sugar ARIZONA,2.15,450ml,,,Gėrimai (sultys - gaivieji gėrimai) / Gaivieji gėrimai,4771459691977,,
8690719103370,Green Tea with Cinnamon and Glove DOGUS,3.00,35g,,Turkey,Gėrimai (sultys - gaivieji gėrimai) / Gaivieji gėrimai,8690719103370,,
4771459691960,Green Tea with Honey & Plum ARIZONA,2.40,450ml,,,Gėrimai (sultys - gaivieji gėrimai) / Gaivieji gėrimai,4771459691960,,
4771459691915,Green Tea with Honey ARIZONA,2.15,450ml,,,Gėrimai (sultys - gaivieji gėrimai) / Gaivieji gėrimai,4771459691915,,
613008743529,Green Tea with Honey ARIZONA,2.00,330ml,,,Gėrimai (sultys - gaivieji gėrimai) / Gaivieji gėrimai,613008743529,,
8690719102274,Green Tea with Lemon DOGUS,2.00,35g,,Turkey,Arbata - kava / Žalioji arbata,8690719102274,,
613008743604,Green Tea with Pomegranate ARIZONA,2.00,330ml,,,Gėrimai (sultys - gaivieji gėrimai) / Gaivieji gėrimai,613008743604,,
4771459691922,Green Tea with Pomegranate ARIZONA,2.40,450ml,,,Gėrimai (sultys - gaivieji gėrimai) / Gaivieji gėrimai,4771459691922,,
6922163699348,Green Tea with rose buds THS,14.90,200g,,,Arbata - kava / Žalioji arbata,6922163699348,,
4607016310268,Green Tkemali sauce KINTO,3.50,300g,,,Padažai - pastos ir užtepėlės,4607016310268,,
6915406060210,Green chinese tea GREETING PINE,2.70,125g,,,Arbata - kava / Žalioji arbata,6915406060210,,
4027394009255,Green grilled olives YAYLA,3.49,240g,,,Alyvuogės / Žaliosios alyvuogės,4027394009255,,
8691573090431,Green lentils BURCU,1.70,500g,,,,8691573090431,,
8691573089930,Green lentils BURCU,3.10,1000g,,,,8691573089930,,
4027394008968,Green lentils FULYA,2.90,800g,,,,4027394008968,,
8410505412130,Green lentils GARRIDO,4.80,1000g,,,,8410505412130,,
4027394001365,Green lentils YAYLA,4.50,900g,,,,4027394001365,,
8697436522064,Green olive paste Gurme,3.80,185g,,,Alyvuogės / Žaliosios alyvuogės,8697436522064,,
4027394009262,Green olives Jumbo YAYLA,4.50,650g,,,Alyvuogės / Žaliosios alyvuogės,4027394009262,,
6217881232114,Green olives Kalamata SETALKEL,5.99,650g,,,Alyvuogės / Žaliosios alyvuogės,6217881232114,,
8697436522538,Green olives Kokteyl Pasa EFENDILER,4.50,500g,,,Alyvuogės / Žaliosios alyvuogės,8697436522538,,
6217881222115,Green olives Tofahy SETALKEL,5.80,650g,,,Alyvuogės / Žaliosios alyvuogės,6217881222115,,
8698566688149,Green olives YESIM,5.99,750g,,,Alyvuogės / Žaliosios alyvuogės,8698566688149,,
8697436522491,Green olives stuffed with garlic Pasa EFENDILER,6.20,500g,,,Alyvuogės / Žaliosios alyvuogės,8697436522491,,
8697436566204,Green olives stuffed with red pepper EFENDILER,4.99,530g,,,Alyvuogės / Žaliosios alyvuogės,8697436566204,,
4027394009279,Green olives stuffed with red pepper YAYLA,1.95,370g,,,Alyvuogės / Žaliosios alyvuogės,4027394009279,,
8698566681140,Green olives stuffed with red pepper YESIM,6.60,500g,,,Alyvuogės / Žaliosios alyvuogės,8698566681140,,
6217882352309,Green olives with garlic SETALKEL,6.30,650g,,,Alyvuogės / Žaliosios alyvuogės,6217882352309,,
8691573006418,Green peas BURCU,2.30,570g,,,,8691573006418,,
8698566683601,Green sliced olives AYDOGMUS,5.90,700g,,,Alyvuogės / Žaliosios alyvuogės,8698566683601,,
8697436566228,Green sliced olives EFENDILER,4.99,530g,,,Alyvuogės / Žaliosios alyvuogės,8697436566228,,
4027394009248,Green sliced olives YAYLA,1.75,370g,,,Alyvuogės / Žaliosios alyvuogės,4027394009248,,
8698566680907,Green sliced olives YESIM,4.50,500g,,,Alyvuogės / Žaliosios alyvuogės,8698566680907,,
8680419599856,Green sliced olives YURTTAN,2.70,540g,,,Alyvuogės / Žaliosios alyvuogės,8680419599856,,
4760062101720,Green tea AZERÇAY,3.00,50g,,,Arbata - kava / Žalioji arbata,4760062101720,,
8690719102250,Green tea DOGUS,0.99,35g,,Turkey,Arbata - kava / Žalioji arbata,8690719102250,,
8690719110286,Green tea DOĞUŞ,3.70,200g,,,Arbata - kava / Žalioji arbata,8690719110286,,
8690841016609,Green tea cologne BEBAK,3.50,200ml,,,Pramoninės prekės - higienos priemonės,8690841016609,,
8690841016562,Green tea cologne BEBAK,5.60,400ml,,,Pramoninės prekės - higienos priemonės,8690841016562,,
4760062105070,Green tea highest quality AZERÇAY,9.00,200g,"Paruošimas: į sausą, šiltą arbatinuką įberti 2 šaukštelius arbatos. Užplikyti karštu vandeniu (200ml), palaikyti 7-8min.",,Arbata - kava / Žalioji arbata,4760062105070,,
4760062105230,Green tea highest quality AZERÇAY,4.00,100g,"Paruošimas: į sausą, šiltą arbatinuką įberti 2 šaukštelius arbatos. Užplikyti karštu vandeniu (200ml), palaikyti 7-8min.",,Arbata - kava / Žalioji arbata,4760062105230,,
8690719113638,Green tea with cinnamon DOĞUŞ AKTAR,6.99,200g,,,Arbata - kava / Žalioji arbata,8690719113638,,
6970346991116,Greito Paruosimo Makaronai NOODLEES,5.90,500g,,,,6970346991116,,
4260467594535,Grietinėlės sūris YOREM,3.90,125g,,,,4260467594535,,
4262396730565,Grikiu Kruopos HUNKAR,6.90,1000g,,,,4262396730565,,
8699073292768,Grilled Eggplant Salad MELIS,6.00,640g,,,,8699073292768,,
8690777902410,Grilled Eggplant Salad SERA,7.50,650g,,,,8690777902410,,
8695336111210,Grilled Green Olive BAGCI,11.95,400g,,,Alyvuogės / Žaliosios alyvuogės,8695336111210,,
8690738009189,Grilled Green Olive ECE,4.50,290g,,,Alyvuogės / Žaliosios alyvuogės,8690738009189,,
4760068001864,Grilled Vegetable Salad BIZIM TARLA,1.95,300g,,,,4760068001864,,
4779030390325,Ground black pepper,15.90,1000g,,,Prieskoniai / Grynieji prieskoniai,4779030390325,,
4779030396877,Ground black pepper,7.50,500g,,,Prieskoniai / Grynieji prieskoniai,4779030396877,,
5017689006617,Ground black pepper TRS,3.99,100g,,,Prieskoniai / Grynieji prieskoniai,5017689006617,,
4779030394026,Ground cardamom,7.55,70g,,,,4779030394026,,
4779030399410,Ground chicory,1.99,200g,,,,4779030399410,,
8717552025543,Ground cinnamon GÜLCAN,2.49,170g,,,,8717552025543,,
8717552025307,Ground coriander GÜLCAN,2.50,150g,,,,8717552025307,,
8690906007313,Ground cumin BAŞAK,2.20,80g,,,,8690906007313,,
8717552026281,Ground cumin GÜLCAN,6.50,500g,,,,8717552026281,,
8717552025284,Ground cumin GÜLCAN,4.49,180g,,,,8717552025284,,
8717552025079,Ground fenugreek seeds GÜLCAN,2.49,200g,"Maltos ožragės sėklos dažnai naudojamos patiekaluose su kariu, prieskonių mišiniuose. Žiupsnelį galima įberti į jogurtą ar padažus.",,,8717552025079,,
4770412091892,Ground ginger,2.77,100g,,,,4770412091892,,
4779030399991,Ground habanero pepper,4.80,50g,,,Prieskoniai / Grynieji prieskoniai,4779030399991,,
8717552025017,Ground hot pepper GÜLCAN,2.49,150g,,,Prieskoniai / Grynieji prieskoniai,8717552025017,,
4779030395863,Ground mustard seeds,2.50,100g,,,,4779030395863,,
4779030392497,Ground mustard seeds,4.50,1000g,,,,4779030392497,,
4779030394033,Ground nutmeg,2.99,90g,"Muskatas dedamas į mėsos patiekalus, saldžius kepinius ir gėrimus. Pikantiškas prieskonio kvapas ir salstelėjęs skonis puikiai dera prie skirtingų patiekalų ir gėrimų. Prieskonis yra gaižaus ir aštraus skonio. Muskato riešuto skonis kaitinant tampa labai nemalonus, o aromatas visiškai išgaruoja, taigi muskato riešutą geriausiai dėti pačioje patiekalo ruošimo pabaigoje. Muskato riešutas vartojamas ir saldiems ir aštriems patiekalams gardinti: pyragams, pudingams, sūriams, sriuboms su pomidorais, žirniais, pupelėmis. Tinka su kopūstais, špinatais, brokoliais, baklažanais. Labai dera su keptomis ar virtomis bulvėmis, špinatais ir žieminiais moliūgais.",,,4779030394033,,
8717552025390,Ground nutmeg GÜLCAN,7.50,200g,"Muskatas dedamas į mėsos patiekalus, saldžius kepinius ir gėrimus. Pikantiškas prieskonio kvapas ir salstelėjęs skonis puikiai dera prie skirtingų patiekalų ir gėrimų. Prieskonis yra gaižaus ir aštraus skonio. Muskato riešuto skonis kaitinant tampa labai nemalonus, o aromatas visiškai išgaruoja, taigi muskato riešutą geriausiai dėti pačioje patiekalo ruošimo pabaigoje. Muskato riešutas vartojamas ir saldiems ir aštriems patiekalams gardinti: pyragams, pudingams, sūriams, sriuboms su pomidorais, žirniais, pupelėmis. Tinka su kopūstais, špinatais, brokoliais, baklažanais. Labai dera su keptomis ar virtomis bulvėmis, špinatais ir žieminiais moliūgais.",,,8717552025390,,
4779030396808,Ground sweet pepper,4.35,500g,,,Prieskoniai / Grynieji prieskoniai,4779030396808,,
8717552026564,Ground sweet pepper GÜLCAN,6.50,500g,,,Prieskoniai / Grynieji prieskoniai,8717552026564,,
8717552025567,Ground sweet pepper GÜLCAN,3.99,200g,,,Prieskoniai / Grynieji prieskoniai,8717552025567,,
4779030396228,Ground sweet smoked paprika,3.77,90g,,,,4779030396228,,
4779030392350,Ground white pepper,8.60,500g,,,Prieskoniai / Grynieji prieskoniai,4779030392350,,
8717552025031,Ground white pepper GULCAN,2.95,200g,,,Prieskoniai / Grynieji prieskoniai,8717552025031,,
8717552027431,Grove Pepper GULCAN,14.90,800g,,,Prieskoniai / Grynieji prieskoniai,8717552027431,,
4779031861268,Grožio vitaminai „Healthy Choice“ 60 tablečių,43.00,97.82g,,,Sveikatos produktai,4779031861268,,
4772122015410,Gruziniska Druska,3.49,100g,,,,4772122015410,,
4860001124176,Gruziniškas limonadas su spanguolėmis NATAKHTARI ,3.00,500ml,,,,4860001124176,,
5027906080719,Grynas sezamų aliejus Greenfields 450ml,8.90,250ml,,,,5027906080719,,
8718226323033,Guava Fruit Drink  MAAZA,2.49,1000ml,,,,8718226323033,,
716221102507,Guava Jam PHILIPPINE,4.90,300g,,,,716221102507,,
8698720862385,Guava juice nectar JUSS,1.99,1000ml,,,,8698720862385,,
4048517714658,Guava-DragonFruit GRANINI,1.89,750ml,,,,4048517714658,,
8691216020832,Guminukai Sliekiukai (halal) HARIBO,2.50,100g,,,,8691216020832,,
8426617173319,Gummies Funny-Mix HARIBO (Halal),2.50,75g,,,,8426617173319,,
8691216020733,Gummies Tropifrutti HARIBO (Halal),1.50,100g,,,,8691216020733,,
8691216020757,Gummies cherries HARIBO (Halal),2.50,80g,,,,8691216020757,,
8691216020719,Gummies coca-cola bottles HARIBO (Halal),2.50,100g,,,,8691216020719,,
8691216020856,Gummies peaches HARIBO (Halal),1.50,100g,,,,8691216020856,,
4001686332221,Gummies smurfs HARIBO (Halal),2.50,75g,,,,4001686332221,,
8690719110484,Gurme teapot bags DOGUS,3.49,"153,6g",,Turkey,Arbata - kava / Juodoji arbata,8690719110484,,
201607,Gvazdikėliai,2.20,30g,,Turkey,Prieskoniai,201607,,
8698583860092,Gėlių medus ALIBABA,6.00,240g,,,,8698583860092,,
8698583860016,Gėlių medus ALIBABA,7.00,400g,,,,8698583860016,,
8698583860085,Gėlių medus ALIBABA,8.00,470g,,,,8698583860085,,
4770477232575,HEINEK Original,1.89,500ml,,,,4770477232575,,
8690504036258,Halley  Snacks ULKER,2.00,77g,,Turkey,,8690504036258,,
8691460000369,Halva Palace IPEK,5.90,250g,,,Saldumynai (chalva - lokumas - šokoladas - batonėliai),8691460000369,,
8690120065687,Halva cream TORKU,8.55,370g,,,Saldumynai (chalva - lokumas - šokoladas - batonėliai),8690120065687,,
8690120059921,Halva with cocoa TORKU,3.90,350g,,,Saldumynai (chalva - lokumas - šokoladas - batonėliai),8690120059921,,
8681285002204,"Halva with pistachio ,,RoyalFamily'' 500g.",7.60,350g,,,Saldumynai (chalva - lokumas - šokoladas - batonėliai),8681285002204,,
6210241476166,Halva with pistachio DURRA,4.90,350g,,,Saldumynai (chalva - lokumas - šokoladas - batonėliai),6210241476166,,
6217000020219,Halva with pistachios AL BURJ,6.50,400g,,,Saldumynai (chalva - lokumas - šokoladas - batonėliai),6217000020219,,
8690120059914,Halva with vanilla TORKU,3.90,350g,,,Saldumynai (chalva - lokumas - šokoladas - batonėliai),8690120059914,,
8690841015237,Hand and body cream with rose oil BEBAK,2.30,60ml,,,,8690841015237,,
8690841010027,Hand cream with almonds BEBAK,3.50,30ml,,,,8690841010027,,
6194017302791,Harissa Tube Sauce (little) DU CAP BON,2.99,70g,,,Padažai - pastos ir užtepėlės,6194017302791,,
6194017302630,Harissa Tube Sauce DU CAP BON ,3.15,70g,,,Padažai - pastos ir užtepėlės,6194017302630,,
6194049100044,Harissa paste,1.25,70g,,,Padažai - pastos ir užtepėlės / Padažai,6194049100044,,
6194049100013,Harissa paste DU CAP BON,1.99,135g,,,Padažai - pastos ir užtepėlės,6194049100013,,
6194049100037,Harissa paste DU CAP BON,2.95,760g,,Tunisia,Padažai - pastos ir užtepėlės,6194049100037,,
6194049100105,Harissa paste DU CAP BON,3.39,140g,,,Padažai - pastos ir užtepėlės,6194049100105,,
6194049100020,Harissa paste DU CAP BON,3.80,380g,,,Padažai - pastos ir užtepėlės,6194049100020,,
8690792031454,Hawthorn Vinegar GULSAN,2.50,500ml,,Turkey,,8690792031454,,
8697401090130,Hawthorn vinegar SENAY,3.80,500ml,,,,8697401090130,,
8690504008101,Haylayf(Sugared Biscuit) ULKER,1.75,64g,,,,8690504008101,,
8697217004314,Hazelnut and Almond filled Turkish Delight with Milk Chocolate Cover DERMANN,6.99,250g,,,Riešutai - sėklos ir užkandžiai,8697217004314,,
4250129821048,Hazelnut bar FEYZA,1.10,40g,,,,4250129821048,,
8690120062235,Hazelnut cream TORKU,9.99,370g,,,,8690120062235,,
8690120054384,Hazelnut cream with cocoa TORKU,4.50,400g,,,,8690120054384,,
8699237141789,Hazelnut cream without glucose STAR NUT,3.99,200g,,,,8699237141789,,
3155700000205,Hazelnut oil HUILERIE DE LAPALISSE,8.90,250ml,,,,3155700000205,,
3800221974343,Hellim Cheese ALRAII,6.49,200g,,,,3800221974343,,
4779031860568,Hemp seed protein HEALTHY CHOICE,17.40,250g,"Berkite kanapių baltymus į vaisių kokteilius: į 150-250ml vaisių kokteilių, sulčių arba kito Jūsų mėgstamo gėrimo įberkite 2 valgomuosius šaukštus baltymo miltelių ir gerai suplakite arba išmaišykite. Tinka vartoti 1-2 kartus per dieną. „Healthy Choice“ reiktų vartoti reguliariai ir normuotomis porcijomis.",,Prieskoniai / Grynieji prieskoniai,4779031860568,,
4779030397102,Hemp seeds,2.99,200g,,,,4779030397102,,
4779030395184,Hemp seeds,5.99,200g,,,,4779030395184,,
4772122002212,Herb spice mix,1.10,45g,"Šiuo mišiniu tinka gardinti mėsos ir žuvies, bulvių ir makaronų patiekalus, salotas ir troškinius, padažus ir kiaušinių patiekalus.",,,4772122002212,,
8717552043684,Himalayan salt (fine) GÜLCAN,3.00,400g,,,,8717552043684,,
8717552043653,Himalayan salt (large) GÜLCAN,2.99,400g,,,,8717552043653,,
4027394007503,Hindi salami FULYA 250g.,7.35,80g,,,,4027394007503,,
8853662056272,Hoisin Sauce FLYING GOOSE BRAND,5.49,200ml,,Thailand,Padažai - pastos ir užtepėlės,8853662056272,,
8853662056289,Hoisin Sauce FLYING GOOSE BRAND,3.99,455ml,,Thailand,Padažai - pastos ir užtepėlės,8853662056289,,
5200348699934,Honey,5.00,250ml,,,,5200348699934,,
4260157570894,Honey BURAM,8.99,500g,,,,4260157570894,,
4260157581081,Honey with Ginger BURAM,3.99,250g,,Turkey,,4260157581081,,
4260161975739,Honey with Hazelnut ASBAL,8.50,245g,,,,4260161975739,,
4260161975722,Honey with Walnut ASBAL,8.50,245g,,,,4260161975722,,
4260157571020,Honey with fennel seeds BURAM,7.00,450g,,,,4260157571020,,
4260157580893,Honey with fennel seeds BURAM,4.99,250g,,Turkey,,4260157580893,,
4260157577671,Honeycomb BURAM,13.99,350g,,,,4260157577671,,
8850030031657,Hot & Spicy Fried Chicken Seasoned Flour LOBO,3.90,150g,,,,8850030031657,,
4260394340861,Hot & Spicy Wrapped Leaf ELIFCE,2.95,400g,,Turkey,,4260394340861,,
8853662056951,Hot & Sweet Sriracha Sauce FLYING GOOSE BRAND,7.90,455ml,,,Padažai - pastos ir užtepėlės,8853662056951,,
8691573086014,Hot Baby Pepper Pickles BURCU,2.49,290g,,Turkey,Konservuotas maistas / Marinuotos daržovės,8691573086014,,
8690777019835,Hot Bozdogan Pepper Sauce SERA,1.95,185g,,Turkey,Padažai - pastos ir užtepėlės / Padažai,8690777019835,,
8853662060057,Hot Chilli Sriracha Sauce Smoke Flavour FLYING GOOSE BRAND ,8.90,455ml,,,Padažai - pastos ir užtepėlės,8853662060057,,
8853662060118,Hot Chilli Sriracha Sauce with Mustard FLYING GOOSE BRAND,8.50,455ml,,,Padažai - pastos ir užtepėlės,8853662060118,,
8691573098284,Hot Mexican Salsa Sauce BURCU,0.99,300g,,Turkey,Padažai - pastos ir užtepėlės,8691573098284,,
4027394010022,Hot Pepper Paste YAYLA,5.25,370g,,Turkey,Padažai - pastos ir užtepėlės / Pomidorų ir paprikų pastos,4027394010022,,
4027394010039,Hot Pepper Paste YAYLA,8.75,700g,,Turkey,Padažai - pastos ir užtepėlės / Pomidorų ir paprikų pastos,4027394010039,,
7311310038809,Hot Pepper Sauce SANTA MARIA,3.50,85ml,,,Padažai - pastos ir užtepėlės,7311310038809,,
6430034015390,Hot Sauce Aged Jalapeno POPPAMIES,1.99,150ml,,,Padažai - pastos ir užtepėlės,6430034015390,,
011210617001,Hot Scorpion pepper sauce TABASCO,7.95,60ml,,,Padažai - pastos ir užtepėlės,11210617001,,
8690777520508,Hot Sliced Mexican Pepper Pickles SERA,6.90,600g,,,,8690777520508,,
8853662056005,Hot Sriracha sauce,6.50,200ml,,,Padažai - pastos ir užtepėlės,8853662056005,,
8691573012754,Hot ajvar sauce BURCU,3.40,560g,,,Padažai - pastos ir užtepėlės,8691573012754,,
8690637796890,Hot chicken sauce Calve 255g,3.60,300g,,,Padažai - pastos ir užtepėlės,8690637796890,,
8717552026533,Hot chili pepper flakes GULCAN,5.50,400g,,,,8717552026533,,
7178600000133,Hot curry paste PASCO,3.20,270g,,,Padažai - pastos ir užtepėlės / Padažai,7178600000133,,
1121000217,Hot habanero pepper sauce TABASCO,4.50,60ml,"Šis padažas puikiai tinka prie makaronų, picos, mėsos, mėsainių.",,Padažai - pastos ir užtepėlės,1121000217,,
60817103148,Hot mango pickle SWAD,3.40,300g,,,,60817103148,,
4760068002250,Hot pepper and tomato salad BIZIM TARLA,3.50,640g,,,,4760068002250,,
4779030396266,Hot pepper flakes,12.90,1000g,,,,4779030396266,,
8717552025192,Hot pepper flakes Isot GULCAN,1.90,170g,,,,8717552025192,,
8693891700504,Hot pepper flakes ÖNCÜ,12.99,1000g,,,,8693891700504,,
8691573008122,Hot pepper paste BURCU,2.60,320g,,,Padažai - pastos ir užtepėlės / Pomidorų ir paprikų pastos,8691573008122,,
8691573004339,Hot pepper paste BURCU,3.80,600g,,,Padažai - pastos ir užtepėlės / Pomidorų ir paprikų pastos,8691573004339,,
6210241334220,Hot pepper paste DURRA,4.20,650g,,,Padažai - pastos ir užtepėlės / Pomidorų ir paprikų pastos,6210241334220,,
8693891195874,Hot pepper paste ONCU,3.00,370g,,,Padažai - pastos ir užtepėlės / Pomidorų ir paprikų pastos,8693891195874,,
8801005171410,Hot pepper paste SEMPIO,5.80,500g,,,Padažai - pastos ir užtepėlės / Pomidorų ir paprikų pastos,8801005171410,,
5076114,Hot pepper sauce ENCONA,2.50,142ml,,,Padažai - pastos ir užtepėlės,5076114,,
5035139201023,Hot pepper sauce GRACE,1.95,85ml,,,Padažai - pastos ir užtepėlės,5035139201023,,
4008194300223,Hot pepper sauce ŠOFKO,4.30,680g,,,Padažai - pastos ir užtepėlės,4008194300223,,
8691573086304,Hot peppers BURCU,3.30,580g,,,,8691573086304,,
4008194340915,Hot peppers ŠOFKO,3.20,320g,,,,4008194340915,,
8683130002384,Hot peri peri sauce Calve 245g,3.50,300g,,,Padažai - pastos ir užtepėlės,8683130002384,,
8690637833847,Hot sauce Calve 265g,3.60,300g,,,Padažai - pastos ir užtepėlės,8690637833847,,
3250391425129,Hot sauce with tomato and paprika SALSA,4.90,315g,,,Padažai - pastos ir užtepėlės,3250391425129,,
4779031860575,Hulled hemp seeds HEALTHY CHOICE,13.00,150g,"Žiupsnis lukštentų sėklų kasdien – pagardinti maistą, pasikrauti papildomos energijos bei subalansuoti mitybą pasikraunant vitaminais ir mineralais. Puikiai tinka troškiniams, užtepėlėms, kiaušinienėms ar gaminant granolą. Gardinkite jogurtą, košę, vaisių ir daržovių sultis ar kokteilius, sausus pusryčius, salotas, sriubas, padažus, vaisius.",,Prieskoniai,4779031860575,,
5285001400010,Hummus CHTOURA GARDEN,4.90,430g,"Humusas – avinžirnių ir tahini (sezamų pastos) užtepėlė, populiarus užkandis Artimuosiuose Rytuose ir Viduržemio jūros regione.  Humusas dažnai valgomas kartu su įvairiomis duonelėmis, pavyzdžiui pita. Taip pat gali būti patiekiamas kartu su falafeliais, alyvuogėmis, kepta vištiena ar baklažanais. Humusas pagardintas citrinų sultimis puikiai tiks prie žuvies patiekalų. O kadangi pagrindinė humuso sudedamoji dalis yra avinžirniai, ši užtepėlė pasižymi gausiu baltymu kiekiu.",,,5285001400010,,
5283003610567,Hummus CHTOURA GARDEN,1.99,310g,,,,5283003610567,,
5283003610987,Hummus with Garlic CHTOURA GARDEN,3.49,310g,,,,5283003610987,,
5283003611366,Hummus with chili CHTOURA GARDEN,2.90,420g,,Lebanon,,5283003611366,,
5283003611373,Hummus with cumin CHTOURA GARDEN,2.90,420g,,Lebanon,,5283003611373,,
4262396736451,Hunkar baldo,5.95,,,,,4262396736451,,
8711327568822,INGMAN vaniles ledai,1.60,120ml,,,,8711327568822,,
4771459691946,Ice Tea With Peach Flavour ARIZONA,2.15,450ml,,,,4771459691946,,
613008743482,Iced Teawith Peach Flavour ARIZONA,2.00,330ml,,,,613008743482,,
8690906000987,Icing mix with vanillin flavour BASAK,3.25,140g,,,,8690906000987,,
8690719109020,Imbierinė arbata su citrina DOGUS 40g,3.30,32g,,,Arbata - kava / Žolelių arbata,8690719109020,,
8690906006736,Inegol Kofte Spice mix BASAK,2.20,75g,,,,8690906006736,,
8690906555401,Instant Green lentil soup with pasta and chickpeas BASAK,3.09,135g,,,,8690906555401,,
8888296051102,Instant Matcha Latte GOLD KILI,9.50,250g,,,,8888296051102,,
8690906006095,Instant Turkish Tarhana soup (spicy) BASAK,1.00,65g,,,,8690906006095,,
8690516500020,Instant Turkish Tarhana soup (spicy) PIYALE,0.85,65g,,,,8690516500020,,
8697407197529,Instant apple tea OTTOMAN,3.50,250g,Paruošimas: 2 arbatinius šaukštelius gėrimo užpilkite 200ml karšto vandens arba 1 arbatinį šaukštelį gėrimo įmaišykite į 200ml šalto vandens. Gerai išmaišykite.,,Arbata - kava / Vaisinė arbata,8697407197529,,
8697407197437,Instant black mulberry tea OTTOMAN,3.90,250g,,,Arbata - kava / Vaisinė arbata,8697407197437,,
8697407197499,Instant cherry tea,5.20,250g,Paruošimas: 2 arbatinius šaukštelius gėrimo užpilkite 200ml karšto vandens arba 1 arbatinį šaukštelį gėrimo įmaišykite į 200ml šalto vandens. Gerai išmaišykite.,,,8697407197499,,
8690906006026,Instant chicken noodle soup BASAK,1.00,60g,,,,8690906006026,,
8690906401104,Instant dry yeast BASAK,1.00,30g,,Turkey,,8690906401104,,
8690906006033,Instant ezogelin soup (Lentil soup with tomato) BASAK,0.90,75g,,,,8690906006033,,
8690906006040,Instant iskembe soup BASAK,1.00,50g,,,,8690906006040,,
8690906006002,Instant mercimek soup (lentil soup) BASAK,0.90,70g,,,,8690906006002,,
8697407197482,Instant orange tea,5.09,250g,Paruošimas: 2 arbatinius šaukštelius gėrimo užpilkite 200ml karšto vandens arba 1 arbatinį šaukštelį gėrimo įmaišykite į 200ml šalto vandens. Gerai išmaišykite.,,Arbata - kava / Vaisinė arbata,8697407197482,,
5412294010194,Instant pomegranate tea 200g,4.09,200g,,,Arbata - kava / Vaisinė arbata,5412294010194,,
8697407197604,Instant pomegranate tea OTTOMAN,4.50,250g,Paruošimas: 2 arbatinius šaukštelius gėrimo užpilkite 200ml karšto vandens arba 1 arbatinį šaukštelį gėrimo įmaišykite į 200ml šalto vandens. Gerai išmaišykite.,,Arbata - kava / Vaisinė arbata,8697407197604,,
8697407197475,Instant pomegranate tea OTTOMAN,3.80,250g,Paruošimas: 2 arbatinius šaukštelius gėrimo užpilkite 200ml karšto vandens arba 1 arbatinį šaukštelį gėrimo įmaišykite į 200ml šalto vandens. Gerai išmaišykite.,,Arbata - kava / Vaisinė arbata,8697407197475,,
8690516500136,Iskembe soup mixture PIYALE,0.75,65g,,,,8690516500136,,
201611,Isot Paprika,0.90,50g,,Turkey,Prieskoniai,201611,,
8717552023198,Isot Paprika GULCAN,14.00,1000g,,,,8717552023198,,
4262396732699,Isot Paprika HUNKAR,4.40,350g,,,,4262396732699,,
4262457390189,Isot Pipirai ALIBABA,4.30,100g,,,,4262457390189,,
5285001401369,Jallab syrup CHTOURA GARDEN,4.90,600ml,,,Sirupai - džemai - uogienės - sezamo pasta,5285001401369,,
8691685014813,Japanese cherry aroma soap EYÜP SABRI TUNCER,3.99,500ml,,,Pramoninės prekės - higienos priemonės,8691685014813,,
4976774693006,Japanese style soba noodle,3.55,300g,,,,4976774693006,,
4260467597802,Jogurtas YOREM %10,4.99,1000g,,,,4260467597802,,
4260193510403,Jogurtas YOREM %3.8,3.99,1000g,,,,4260193510403,,
4260193510151,Jogurtas `Manyas` DESTAN %3.8 rib.,2.99,1000g,,,,4260193510151,,
8690504085720,Juoda Šokoladinis vaflis su lazdyno riešutų kremu ÜLKER,1.00,36g,,,,8690504085720,,
4262396731920,Juodgrude HUNKAR,6.50,90g,,,,4262396731920,,
4772122009044,Juodgrudes Seklos,3.99,100g,,,,4772122009044,,
8690906008167,Juodgrūdė BASAK,2.99,100g,,,,8690906008167,,
8717550255980,Juodi kvapnieji pipirai GULCAN 140g,6.30,140g,,,,8717550255980,,
4772122009051,Juodieji pipirai malti,4.00,1000g,,,,4772122009051,,
4771459691007,Juodieji pipirai maltos,3.99,100g,,,,4771459691007,,
8690105002973,Juodoji arbata Altinbaş pakeliuose (40vnt) CAYKUR,6.40,200g,,,Arbata - kava / Juodoji arbata,8690105002973,,
8690105000979,Juodoji arbata pakeliuose (25vnt) CAYKUR,2.00,50g,,,Arbata - kava / Juodoji arbata,8690105000979,,
9004152131507,Juodoji ceilono arbata COLOMBO GOLD,7.60,400g,,,,9004152131507,,
4041954160040,Juodoji ceilono arbata MESNEVI,10.00,500g,,,,4041954160040,,
9004152131606,Juodoji ceilono arbata su bergamote Colombo OMSIA,12.99,800g,,,,9004152131606,,
8690777009621,Juodos Pupeles SERA,6.99,1000g,,,,8690777009621,,
4250129894059,Juodosios alyvuogės su kauliukais Gold OZ YURDUM,4.85,250g,,,,4250129894059,,
4250129894028,Juodosios alyvuogės su kauliukais Premium OZ YURDUM,5.09,250g,,,,4250129894028,,
4262457391322,Juodųjų pipirų sėklos ALIBABA,5.20,80g,,,,4262457391322,,
4262457391254,Juodųjų sezamų sėklos ALIBABA,6.00,100g,,,,4262457391254,,
6931722313656,Juokingi veidai OZIBOX,2.50,16g,,,,6931722313656,,
8713763565564,Juokingi veidai OZIBOX (kopija),2.49,21g,,,,8713763565564,,
5213010840930,Jūros druska CRETAN FLOWER,2.49,70g,,,,5213010840930,,
4772122015625,Kajeno Paprikos Džiovintos Maltos,1.50,50g,,,,4772122015625,,
8717703799033,Kaju MIRAS,8.90,300g,,,,8717703799033,,
8680226572424,Kakaolu tahin Helvası ALTUNIZADE,6.39,350g,,,Saldumynai (chalva - lokumas - šokoladas - batonėliai) / Chalva,8680226572424,,
8690906000819,Kakavos ir lazdyno riešutų skonio pudingas DR. OETKER,1.70,120g,,,,8690906000819,,
8681812047418,Kakavos lazdyno riešutų kremas ir grissini OZIBOX,1.90,50g,,,,8681812047418,,
5203224611327,Kalamata Olives AMALTHIA,3.50,200g,,Greece,Alyvuogės,5203224611327,,
5203224525099,Kalamata Olives AMALTHIA,2.30,250g,,,Alyvuogės,5203224525099,,
5203224450216,Kalamata Olives AMALTHIA,2.49,230g,,Greece,Alyvuogės,5203224450216,,
201617,Kalendra,1.25,50g,,Turkey,Prieskoniai,201617,,
4860121750361,Kalendra,25.00,1000g,,Turkey,Prieskoniai,4860121750361,,
4770477229650,Kalnapilis Grapefruit,1.89,500ml,,,,4770477229650,,
4770477227540,Kalnapilis Original,1.49,500ml,,,,4770477227540,,
4260193518379,Kangal Sausage DESTAN,8.99,1000g,,,,4260193518379,,
4260193511158,Kangalo dešra OZYOREM,9.99,450g,,,,4260193511158,,
4772122015656,Kardamono Ankštys,6.45,50g,,,,4772122015656,,
201608,Kardamono ankštys su sėklomis,5.90,30g,,Turkey,Prieskoniai,201608,,
4027394003222,Kashkaval cheese,6.49,400g,"Tai paprastesnio naudojimo sūris, skoniu šiek tiek primenantis Gouda sūrį arba anglišką čederį, turi pusiau minkštą, elastingą tekstūrą. Kaşar sūris naudojamas sumuštiniams arba kepimui kai norima, kad sūris išsilydytų.",,,4027394003222,,
4027394003796,Kashkaval cheese YAYLA,4.50,250g,"Pieno produktai yra svarbiausios YAYLA produktų asortimento dalys, todėl jie yra perdirbami ir gaminami tik iš aukščiausios kokybės, pripažintų, sertifikuotų, ekologiškai tvarių Europos ūkių ingredientų. Gamyba vykdoma naudojant moderniausias technologijas, kurios atitinka reikalavimus energijos vartojimo efektyvumo, tvarumo ir kokybės atžvilgiu. Klientai gauna produktą, kuriuo gali mėgautis žinodami, jog jis buvo pagamintas atsakingai ir kokybiškai.",,,4027394003796,,
5015821147488,Kashmir mango chutney RAJAH,4.10,340g,,,,5015821147488,,
6210551011040,Kava Mocha HAMWI,5.00,180g,,,,6210551011040,,
6210331037031,Kava su vidutiniu kiekiu kardamono HASeeB,5.50,200g,,,,6210331037031,,
4040600006121,Kavos kremas CAMPINA,2.49,100g,,,,4040600006121,,
8690629219529,Kazandibi Turkish Dessert DR.OETKER,0.75,165g,,Turkey,,8690629219529,,
8690906006767,Kebab meat spice mix BAŞAK,1.95,65g,,,,8690906006767,,
4027394001815,Kefir yoghurt YAYLA,2.40,500g,,,,4027394001815,,
8690766067137,Keksas pilno grudo ir ruginiu miltusu jogurtu su citrinu ir aguonomis DANKEK,3.49,200g,,,,8690766067137,,
8690504067870,Keksas su dziovintais vaisiais ULKER,2.99,200g,,,,8690504067870,,
8680618045208,Kelnės 0-3mėn.,14.10,1vnt.,,,,8680618045208,,
8697404531081,Kemal Pasha dessert OZ-YIL,2.99,130g,,,,8697404531081,,
4772122009563,Kepinti Svogunai,1.45,100g,,,,4772122009563,,
8696152434545,Kepintos saulėgražos ALTINTOP,4.49,250g,,,,8696152434545,,
4056546011051,Kepintos saulėgražos TADIM,1.70,150g,,,,4056546011051,,
4056546011624,Kepintos saulėgražos su druska TADIM,1.90,150g,,,,4056546011624,,
8717552025529,Kepintos sezamo sėklos GÜLCAN,3.30,200g,,,,8717552025529,,
8690777014144,Kepti baklažanų griežinėliai SERA,5.90,300g,,,,8690777014144,,
8690777206051,Kepti baklažanų griežinėliai SERA,5.90,300g,,,,8690777206051,,
4260452873942,Kepti sūdyti avinžirniai ALIBABA,1.85,150g,,,,4260452873942,,
8684159850529,Keptų lazdyno riešutų ALIBABA,4.45,,,,,8684159850529,,
8680618037425,Kepurių rinkinys 6-12mėn.,13.10,1vnt.,,,,8680618037425,,
8680618008142,Kepurė 0-6mėn.,8.10,1vnt.,,,,8680618008142,,
8680618038538,Kepurė 0-6mėn.,6.10,1vnt.,,,,8680618038538,,
8680618011135,"Kepurė, pirštinės 0-3mėn.",8.10,1vnt.,,,,8680618011135,,
8680618036855,"Kepurė, pirštinės ankstukui",8.10,1vnt.,,,,8680618036855,,
8680618036831,"Kepurė, pirštinės naujagimiui",8.10,1vnt.,,,,8680618036831,,
4771459061053,Kharcho Asia IATS,4.90,270g,,,,4771459061053,,
4860121751177,Kharcho Prieskoniu IGOETI,2.45,70g,,,,4860121751177,,
201620,Kharcho Sriubai,1.00,50g,,Turkey,Prieskoniai,201620,,
201628,Kharcho Sriubai (kopija),20.00,50g,,Turkey,Prieskoniai,201628,,
201624,Khinkali Prieskoniai,0.80,50g,,Turkey,Prieskoniai,201624,,
201629,Khinkali Prieskoniai,16.00,1000g,,Turkey,Prieskoniai,201629,,
4860121750620,Khinkali Prieskoniu IGOETI,2.20,70g,,,,4860121750620,,
9505523471890,Kiaulpienė NATURAL,6.50,,,,,9505523471890,,
8683923629057,Kiaušiniai-Saldainiai žindukas su ArbūzųELLO CANDY,1.75,32g,,,,8683923629057,,
8850030001209,Kimchi Seasoning Mix  LOBO,3.25,100g,,,,8850030001209,,
4772122015373,Kiniskas Penkiu Prieskoniu Misinys,3.99,100g,,,,4772122015373,,
8697217081445,Kivių skonio tirpusis gėrimas USAS,4.00,250g,,,,8697217081445,,
5200348699903,"Kiwi, apple, banana marmalade",6.00,100g,,,,5200348699903,,
201606,Kmynai,1.10,50g,,Turkey,Prieskoniai,201606,,
8858960300713,Kokosu kremas  SIAM,2.90,165ml,,,,8858960300713,,
6921804720328,Konservuota Tofu Čili Aliejuje LAOGANMA,7.90,260g,,,,6921804720328,,
8801005222167,Korean BBQ Sauce SEMPIO,2.90,300g,,,Padažai - pastos ir užtepėlės,8801005222167,,
60817107506,Korma Curry sauce SWAD,4.50,250g,,,Padažai - pastos ir užtepėlės,60817107506,,
5213010840084,Kretos raudonėlis 30g,6.10,10g,,,,5213010840084,,
8717703620757,Krevečių krekeriai apvalūs (neapdoroti) WIND MILL,5.90,250g,,,,8717703620757,,
4056546231022,Kukurūzai barbekiu skonio padaže Tadim 180g,2.10,170g,,,,4056546231022,,
4260452872174,Kukurūzų ALIBABA su BBQ skonio padažu,1.99,150g,,,,4260452872174,,
4779028202012,Kukurūzų Miltai MALSENA,1.49,1000g,,,,4779028202012,,
5285002195427,Kukurūzų miltai ARUBA,2.30,200g,,,,5285002195427,,
4262457390950,Kumino milteliai ALIBABA,5.75,100g,,,,4262457390950,,
6253503913979,Kunefe lokumas PREMIUM su pistacijomis Aghati,18.00,500g,,,Saldumynai (chalva - lokumas - šokoladas - batonėliai),6253503913979,,
4771459691021,Kvapieji Pipirai maltos,3.99,100g,,,,4771459691021,,
4772122015649,Kvapieji pipirai žirneliais,1.90,70g,,,,4772122015649,,
4262396730244,Kvietines Kruopos HUNKAR,5.00,1000g,,,,4262396730244,,
4770079110851,Kvietiniai Miltai ,2.30,2000g,,,,4770079110851,,
8690906006705,Köfte Spice mix BAŞAK,1.75,100g,,,,8690906006705,,
8717552025321,Köfte Spice mix GÜLCAN,3.10,250g,,,,8717552025321,,
4779031861237,L-Karnitinas apelsinų skonio,34.80,1000ml,,,,4779031861237,,
5900497043168,LIPTON Peach,1.40,330ml,,,,5900497043168,,
8690777002486,Large Chickpeas SERA,3.90,900g,,,,8690777002486,,
4251354800723,Large white beans GULCAN,8.99,1000g,,,,4251354800723,,
4770412090192,Laurel Leaaves SAUDA,1.50,40g,,,,4770412090192,,
4262396731555,Laurel Leaves HUNKAR,2.25,5g,,,,4262396731555,,
5902808781097,Lavasas TURKA,3.45,640g,,,,5902808781097,,
8718951384330,Lavender soap HACI SAKIR,6.90,600g,,Turkey,Pramoninės prekės - higienos priemonės,8718951384330,,
8699237141444,Lazdyno riešutai Star Nut,4.80,200g,,,,8699237141444,,
4056546351003,Lazdyno riešutai be luobelės Tadim 150g,6.50,200g,,,,4056546351003,,
4250129821567,Lazdyno riešutai šilkmedžio uogų sirupe 300g FEYZA,2.50,70g,,,,4250129821567,,
4772122010590,Lebanese blend of 8 spices,3.75,90g,,,,4772122010590,,
8691573009310,Legumes BURCU,1.99,550g,,Turkey,,8691573009310,,
8001876043247,Lemon Essence Olive Oil COLAVITA,2.50,250ml,,Italy,Actas - aliejus / Aliejus,8001876043247,,
4779051660216,Lemon Lime Flavour PRIME,0.99,500ml,,,,4779051660216,,
8690506400286,Lemon cologne Kolonya DURU,4.40,200ml,"Turkiškas odekolonas – Kolonya. Tai rankų odekolonas, kuris yra 80 laipsnių stiprumo. Paprastai jis naudojamas rankų dezinfekcijai, kadangi tai puikus būdas pašalinti bakterijas, tačiau dėl intensyvaus citrinų kvapo suteikia ir ilgai išliekanti kvapnų aromatą bei komforto ir švaros pojūtį.",,,8690506400286,,
8691685006429,Lemon cologne Kolonya EYÜP SABRI TUNCER,4.60,200ml,"Turkiškas odekolonas – Kolonya. Tai rankų odekolonas, kuris yra 80 laipsnių stiprumo. Paprastai jis naudojamas rankų dezinfekcijai, kadangi tai puikus būdas pašalinti bakterijas, tačiau dėl intensyvaus citrinų kvapo suteikia ir ilgai išliekanti kvapnų aromatą bei komforto ir švaros pojūtį.",,,8691685006429,,
4772122002274,Lemon fish seasoning,2.50,100g,"Įvairiems žuvies patiekalams, troškiniams, apkepėlėms, padažams, žuvienei. Taip pat tinka mėsos ir daržovių valgiams gardinti.",,,4772122002274,,
5412294120633,Lemon flavor lokum SARAY,5.70,400g,,,Saldumynai (chalva - lokumas - šokoladas - batonėliai),5412294120633,,
8690105004762,Lemon flavored ice tea DIDI,1.09,250ml,,,,8690105004762,,
4772122002199,Lemon pepper,2.20,70g,,,,4772122002199,,
8692490101040,Lemon scented cologne ETI,2.80,200ml,,,,8692490101040,,
8692490101118,Lemon scented cologne ETI,4.99,400ml,,,,8692490101118,,
6213042021054,Lemon verbena tea in packets CHAMAIN,2.70,34g,,,,6213042021054,,
8693234300422,Lemon vinegar GULCAN,1.90,500ml,,,,8693234300422,,
4607017094440,"Lemonade ""Barbaris""",1.61,500ml,,,,4607017094440,,
4607017093337,"Lemonade ""Grusha""",1.51,500ml,,,,4607017093337,,
8714573005349,Lemongrass powder ASLI,2.20,30g,,,,8714573005349,,
8715035130104,Less Salt Soy Sauce KIKKOMAN,3.90,150ml,,Japan,Padažai - pastos ir užtepėlės,8715035130104,,
4772122014659,Libanietiskas Astuoniu Prieskoniu Misinys ,1.99,50g,,,,4772122014659,,
8680618600704,Liemenė 9-12mėn.,10.10,1vnt.,,,,8680618600704,,
8680618600711,Liemenė naujagimiui,10.10,1vnt.,,,,8680618600711,,
8680618600612,Liemenė naujagimiui,10.10,1vnt.,,,,8680618600612,,
4260637869029,Liepą ALIBABA,3.50,20g,,,,4260637869029,,
8410805013761,Liežuvio dailininkas - zombiai CERDAN,0.75,"17,3g",,,,8410805013761,,
8410805014324,Liežuvio dažiklis - energetinė soda CERDAN,0.75,"17,3g",,,,8410805014324,,
8410805013587,Liežuvio dažiklis - energetinė soda CERDAN (kopija),0.75,"17,3g",,,,8410805013587,,
6931722311010,Liežuvio ritinėlis OZIBOX,1.99,16g,,,,6931722311010,,
8410805015208,Liežuvio tapytojas - Vienaragis CERDAN,0.75,"17,3g",,,,8410805015208,,
8410805014751,Liežuvio tapytojas - dinozauras CERDAN,0.75,"17,3g",,,,8410805014751,,
8410805008071,Liežuvio tapytojas su sabor skonio CERDAN,0.75,100ml,,,,8410805008071,,
8410805005179,Liežuvio tapytojas su sabor skonio CERDAN (kopija),0.75,100ml,,,,8410805005179,,
8410805015673,Liežuvio tapytojas su vaisių skoniu CERDAN,0.75,100ml,,,,8410805015673,,
6971835850099,Light Superior Soy Sauce CHAIN KWO,4.50,623ml,,,Padažai - pastos ir užtepėlės,6971835850099,,
4903001011128,Light soy sauce (less salt) KIKKOMAN,4.50,150ml,,,Padažai - pastos ir užtepėlės,4903001011128,,
5011308307161,Lime Pickle PATAK'S,6.99,283g,,,,5011308307161,,
60817103136,Lime pickle with chili SWAD,3.50,300g,,,,60817103136,,
60817103172,Lime pickle with mango SWAD,3.50,300g,,,,60817103172,,
4860103352040,Limonadas Feichojos Skonio ZEDAZENI,2.40,500ml,,,,4860103352040,,
4860103352064,Limonadas Feichojos Skonio ZEDAZENI,2.40,1000ml,,,,4860103352064,,
4860103350183,Limonadas Kriaušė Skonio ZEDAZENI,2.40,1000ml,,,,4860103350183,,
4860103350121,Limonadas Kriaušė Skonio ZEDAZENI,2.40,500ml,,,,4860103350121,,
4860103350091,Limonadas Peletruno Skonio ZEDAZENI,2.40,500ml,,,,4860103350091,,
4860103350107,Limonadas Peletruno Skonio ZEDAZENI,2.40,1000ml,,,,4860103350107,,
4607017093368,Limonadas Tarhun,1.61,500ml,,,,4607017093368,,
4860103350190,Limonadas Vynuogiu Skonio ZEDAZENI,2.40,1000ml,,,,4860103350190,,
4860103350138,Limonadas Vynuogiu Skonio ZEDAZENI,2.40,500ml,,,,4860103350138,,
8690719102137,Linden blossom tea in bags DOGUS,2.50,32g,,Turkey,Arbata - kava / Žolelių arbata,8690719102137,,
8699580000030,Linden tea DOGADAN,3.60,32g,,,Arbata - kava / Žolelių arbata,8699580000030,,
8690719109044,Linden with honey and ginger DOGUS,3.00,32g,,Turkey,Arbata - kava / Žolelių arbata,8690719109044,,
8690576029035,Linguine ANKARA,0.75,500g,,Turkey,,8690576029035,,
4779030397546,Linseed,1.50,250g,,,,4779030397546,,
8696947902341,Locust bean powder ŞENAY,5.90,200g,Paruošimo būdas: sumaišykite 2 šaukštelius miltelių su stikline vandens ar pienu arba naudokite kaip kakavos miltelius.,,,8696947902341,,
8690120034874,Lokum TORKU,3.50,390g,,,Saldumynai (chalva - lokumas - šokoladas - batonėliai),8690120034874,,
8690120120195,Lokum marmalade with nuts Cezerye TORKU,5.99,390g,,,Saldumynai (chalva - lokumas - šokoladas - batonėliai),8690120120195,,
5412294003646,Lokum of various fruit flavors and coconut chips SARAY,7.40,400g,,,Saldumynai (chalva - lokumas - šokoladas - batonėliai),5412294003646,,
8693641000083,Lokum with nuts (Osmanli Karasik) AVŞARLAR,7.90,500g,,,Saldumynai (chalva - lokumas - šokoladas - batonėliai),8693641000083,,
5412294003776,Lokum with peanuts and sesame seeds  SARAY,5.50,400g,,,Saldumynai (chalva - lokumas - šokoladas - batonėliai),5412294003776,,
8697217798756,Lokum with pistachio covered with chocolate Anatolia,7.80,300g,,,Saldumynai (chalva - lokumas - šokoladas - batonėliai),8697217798756,,
8697217798794,Lokum with pistachios ANATOLIA,7.80,350g,,,Saldumynai (chalva - lokumas - šokoladas - batonėliai),8697217798794,,
5412294004643,Lokum with pistachios SARAY,5.90,400g,,,Saldumynai (chalva - lokumas - šokoladas - batonėliai),5412294004643,,
8693641021231,Lokum with pistachios and coconut flakes AVŞARLAR,6.50,350g,,,Saldumynai (chalva - lokumas - šokoladas - batonėliai),8693641021231,,
8697217798763,Lokum with pomegranate chocolate covered Anatolia,6.50,300g,,,Saldumynai (chalva - lokumas - šokoladas - batonėliai),8697217798763,,
5412294003264,Lokum with walnuts and coconut,5.50,400g,,,Saldumynai (chalva - lokumas - šokoladas - batonėliai),5412294003264,,
6253503913917,Lokumas PREMIUM su pistacijomis Aghati,15.60,500g,,,Saldumynai (chalva - lokumas - šokoladas - batonėliai),6253503913917,,
5412294120527,Lokumas su graikiniais riešutais SARAY,6.60,300g,,,Saldumynai (chalva - lokumas - šokoladas - batonėliai),5412294120527,,
5412294120510,Lokumas su pistacijomis SARAY,7.00,300g,,,Saldumynai (chalva - lokumas - šokoladas - batonėliai),5412294120510,,
8697436525836,Lollipop YUTTY,0.50,16g,,,,8697436525836,,
8696801001760,Lombardi peppers CICEK,3.80,660g,,,,8696801001760,,
8691440307389,Long Grain Rice DURU,17.00,5000g,,,,8691440307389,,
8691440307372,Long grain rice DURU,5.90,1000g,,,,8691440307372,,
8691440305736,Long grain rice DURU,5.55,1000g,,,,8691440305736,,
57027937,Love is gum,0.30,4.2g,,,,57027937,,
4779052061036,Lychee BONSU,2.10,330ml,,,,4779052061036,,
8718226323002,Lychee Fruit Drink  MAAZA,2.49,1000ml,,,,8718226323002,,
8693357366824,Lėkštutės arbatos stiklinei PASABAHCE,5.50,6vnt.,,,,8693357366824,,
8711327480537,MAGNUM Billionere Caram,1.99,85ml,,,,8711327480537,,
8711327583610,MAGNUM Double StarChaser,1.99,85ml,,,,8711327583610,,
8711327581562,MAGNUM Double Sunlover,1.99,85ml,,,,8711327581562,,
8711327609341,MAGNUM Ledai Almond,2.35,110ml,,,,8711327609341,,
8711327622289,MAGNUM Pink Euphoria,1.99,90ml,,,,8711327622289,,
8711327622869,MAGNUM Vegan Chill,1.99,90ml,,,,8711327622869,,
4771459061237,MALtos kuminu seklos ,3.95,,,,,4771459061237,,
4770477231653,MIRINDA ,1.90,1500ml,,,,4770477231653,,
4262396735058,MİDYAT BULGUR SU KENTIJE,5.49,1000g,,,,4262396735058,,
6287015500075,Mabroom Dates MAZARE ALLEHABI,7.00,900g,,Saudi Arabia,,6287015500075,,
6287015500105,Mabroom Datuless,7.00,900g,,,,6287015500105,,
5017689002732,Madras curry spice blend (mild) TRS,1.39,100g,Ypač tinka ryžių ir makaronų patiekalams taip pat galima naudoti vištienos ir mėsos patiekalams.,,,5017689002732,,
8683690831202,Magiškas rūgštus purškalas - Arbūzas OZIBOX-Dennis,1.45,100ml,,,,8683690831202,,
8683690831219,Magiškas rūgštus purškalas - Cola OZIBOX-Dennis ,1.49,100ml,,,,8683690831219,,
8683690831233,Magiškas rūgštus purškalas - braškių OZIBOX,1.50,100ml,,,,8683690831233,,
8717552025376,Mahlep GULCAN,8.50,200g,,,,8717552025376,,
8690576029196,"Makaronai Dirsek ANKARA_x000D_
",0.75,500g,,Turkey,,8690576029196,,
201630,Malta Kalendra,13.00,1000g,,Turkey,Prieskoniai,201630,,
201616,Malta Kalendra,0.65,50g,,Turkey,Prieskoniai,201616,,
201632,Malta Paprika,19.60,1000g,,Turkey,Prieskoniai,201632,,
201619,Malta Paprika,0.98,50g,,Turkey,Prieskoniai,201619,,
4772122002731,Malta ciberžolė,2.50,70g,,,,4772122002731,,
4262457390158,Malta juodųjų pipirų ALIBABA,4.90,100g,,,,4262457390158,,
8690906007160,Malta saldi paprika BASAK 100g,3.09,90g,,,,8690906007160,,
4772122012389,Maltas ceilono cinamonas 60g,6.39,50g,,,,4772122012389,,
8690906007269,Maltas cinamonas BASAK,2.30,100g,,,,8690906007269,,
4860121750675,Malti Cili Pipirai IGOETI,2.25,60g,,,,4860121750675,,
4860121750705,Malti Paprika IGOETI,2.45,60g,,,,4860121750705,,
201602,Malti juodi kvapnieji pipirai,1.20,50g,,Turkey,Prieskoniai,201602,,
8717552025604,Malti juodi kvapnieji pipirai GÜLCAN,2.00,200g,,,,8717552025604,,
8717552025215,Malti juodieji pipirai GÜLCAN,4.60,200g,,,,8717552025215,,
201603,Malti žagražole (sumak),1.00,50g,,Turkey,Prieskoniai,201603,,
4779030391698,Maltos Kumino Seklos,4.50,100g,,,,4779030391698,,
8691685013892,Mandarin aroma soap EYÜP SABRI TUNCER,4.79,500ml,,Turkey,Pramoninės prekės - higienos priemonės,8691685013892,,
4779052060169,Mango BONSU,2.10,330ml,,,,4779052060169,,
716221104006,Mango Jam PHILIPPINE,4.90,300g,,,,716221104006,,
4048517678974,Mango Juice  with Mint GRANINI ,1.89,750ml,,,,4048517678974,,
4048517679230,Mango Juice  with Vanilla GRANINI,1.89,750ml,,,,4048517679230,,
4770569915836,Mango Juice GRANINI,1.89,750ml,,,,4770569915836,,
8850389116944,Mango Juice with Slices MOGU MOGU ,2.99,320ml,,,,8850389116944,,
5015821144388,Mango and ginger chutney RAJAH,5.30,340g,,,,5015821144388,,
4760062102512,Mango flavored black tea AZERCAY,3.25,45g,,,Arbata - kava / Juodoji arbata,4760062102512,,
4260667060083,Mango flavored iced tea 4BRO,1.50,500ml,,,,4260667060083,,
8904304501077,Mango juice Drink SWAD,2.49,250ml,,,,8904304501077,,
8698720868554,Mango juice JUSS,1.55,1000ml,,,,8698720868554,,
60817100001,Mango pulp SWAD,3.50,450g,,,,60817100001,,
8684477430137,Mango skonio gėrimas su baziliko sėklomis MONTANA,2.50,250ml,,,,8684477430137,,
8690575871321,Mango skonio sultys TAMEK,3.50,1000ml,,,,8690575871321,,
5012389900173,Mango-chili sauce ENCONA,3.20,142ml,,,Padažai - pastos ir užtepėlės,5012389900173,,
8691573086373,Marinated Greek peppers BURCU,2.50,550g,,,,8691573086373,,
8691573086144,Marinated baby hot peppers BURCU,6.50,1300g,,,,8691573086144,,
4027394009217,Marinated black olives YAYLA,3.90,250g,,,Alyvuogės / Juodosios alyvuogės,4027394009217,,
6217882452306,Marinated damascene garlic SETALKEL,4.20,350g,,,,6217882452306,,
4027394009231,Marinated green olives YAYLA,3.90,250g,,,Alyvuogės / Žaliosios alyvuogės,4027394009231,,
8718531643185,Marinated red garlic NAZ,7.80,580g,,,,8718531643185,,
8691573010286,Marinated vegetables BURCU,2.50,800g,,,,8691573010286,,
4260394340014,Marinuoti Vynuogių lapai  ELIFCE ,10.00,908g,,,,4260394340014,,
8697436520732,Marinuoti agurkai padaže EFENDILER,4.20,650g,,,,8697436520732,,
8690777204996,Marinuoti kornisonai SERA,3.49,340g,,,,8690777204996,,
4251354817028,Marinuoti pipirai GULCAN,5.90,680g,,,,4251354817028,,
4251354817066,Marinuoti pipirai GULCAN,5.95,680g,,,,4251354817066,,
60817103124,Marinuotos laimo citrinos SWAD300g,3.80,300g,,,,60817103124,,
8853662040707,Marinuotos čili paprikos EXOTIC FOOD,3.90,400g,,,,8853662040707,,
8697217001900,Marshmallow Candies with Double Pistachio USAS,9.49,350g,,,,8697217001900,,
4779030399373,Masala Chai 3 Spice Mix for tea,3.60,80g,,,,4779030399373,,
4260637860781,Maxi Burger Duona ALIBABA,0.99,300g,,,,4260637860781,,
8717552025680,Meat seasoning BBQ GÜLCAN,2.99,150g,,,,8717552025680,,
8690906006750,Meat seasoning Grill BAŞAK,2.10,60g,,,,8690906006750,,
8717552025130,Meat seasoning Gyros GÜLCAN,2.50,250g,,,,8717552025130,,
8717552025154,Meat spice mix GÜLCAN,3.30,200g,,,,8717552025154,,
4251354801867,Medium Bulgur GULCAN,9.99,5000g,,Turkey,,4251354801867,,
8000070060333,Medium Ground Coffe MERRILD,5.99,500g,,,Arbata - kava / Kava,8000070060333,,
8000070060340,Medium Ground Coffe MERRILD,3.99,250g,,,Arbata - kava / Kava,8000070060340,,
8691573092541,Medium bulgur BURCU,4.99,1000g,"Šviesios bulgur kruopos tai dažniausiai randama kvietinių kruopų rūšis pasaulyje. Geltona spalva tai natūrali kietųjų kviečių kruopų spalva. Kaip paruošti bulgurą? Pakepinkite svogūną, sumaišykite jį su pomidorų pasta, užberkite druskos Ir pipirų. Nuplautas bulguro kruopas sudėkite į keptuvę ir trumpai pakepinkite kartu su svogūnais. Užpilkite kruopas virintu vandeniu (1 stiklinei kruopų reikalinga 1½ stiklinės karšto vandens) ir, užvirus, troškinkite ant lėtos ugnies 10-12 min., kol visas vanduo išgaruos.",,,8691573092541,,
8691440710172,Medium bulgur DURU,2.99,1000g,"Šviesios bulgur kruopos tai dažniausiai randama kvietinių kruopų rūšis pasaulyje. Geltona spalva tai natūrali kietųjų kviečių kruopų spalva. Kaip paruošti bulgurą? Pakepinkite svogūną, sumaišykite jį su pomidorų pasta, užberkite druskos Ir pipirų. Nuplautas bulguro kruopas sudėkite į keptuvę ir trumpai pakepinkite kartu su svogūnais. Užpilkite kruopas virintu vandeniu (1 stiklinei kruopų reikalinga 1½ stiklinės karšto vandens) ir, užvirus, troškinkite ant lėtos ugnies 10-12 min., kol visas vanduo išgaruos.",Turkey,,8691440710172,,
8011033121008,Medium couscous ALIBABA,5.25,1000g,,,,8011033121008,,
8691573084164,Medium-sized dark bulgur BURCU,2.90,500g,,,,8691573084164,,
7290108800395,Medjool dates Choice MEDJOOL PLUS MP,16.50,1000g,,,,7290108800395,,
4260747970004,Medjool dates DE PALESTINE,17.35,750g,,,,4260747970004,,
8719189052497,Medjool dates MEDJOOL PLUS MP,15.50,750g,,,,8719189052497,,
6191529000160,Medjoul Date SALAMMKO,8.50,1000g,,,,6191529000160,,
4260747970141,Medjoul Dates NESRIN,7.49,900g,,,,4260747970141,,
4260467598496,Medus su Koriu YOREM,10.99,300g,,,,4260467598496,,
4779031861336,Melatoninas + Tryptofan + B6 120 tablečių HEALTH CHOICE,21.50,32.4g,,,,4779031861336,,
8699432202032,Melissa tea DOGADAN,0.99,26g,,,Arbata - kava / Žolelių arbata,8699432202032,,
4779052060145,Melon BONSU,2.10,330ml,,,,4779052060145,,
8850389116913,Melon Fruit Flavored Drink MOGU MOGU ,2.99,320ml,,,,8850389116913,,
8717973293323,Melon flavored lokum ANATOLIA,2.80,250g,,,Saldumynai (chalva - lokumas - šokoladas - batonėliai),8717973293323,,
4027394007633,Merqueze sausages FULYA,5.30,400g,,,,4027394007633,,
8699401580338,Mesir Macunu Sultan's paste DORA LIFE,9.95,400g,"Mesir pasta (Sultono pasta) - tai tirštas vaistažolių ir prieskonių mišinys naudojamas jau nuo XV a. Tradiciškai į šios pastos sudėtį įeina net 41 komponentas, tarp jų tokie prieskoniai kaip kuminas, kardamonas, cinamonas, ciberžolė, gvazdikėliai, pankolis, anyžiai, taip pat imbieras, saldymedis. Ši pasta pasižymi gydomosiomis ir terapinėmis savybėmis bei įdomu tai, jog Mesir pasta 2012 metais buvo įtraukta į UNESCO Reprezentatyvųjį žmonijos nematerialaus kultūros paveldo sąrašą.",,Padažai - pastos ir užtepėlės / Padažai,8699401580338,,
5017689010492,Methi seeds TRS,4.49,100g,,,,5017689010492,,
8690504135555,Metro Caramel filled Chocolate,1.20,30g,,,,8690504135555,,
8691573098291,Mexican Sauce BURCU,0.99,300g,,Turkey,Padažai - pastos ir užtepėlės,8691573098291,,
4772122002236,Mexican spice blend without mustard,3.00,90g,,,,4772122002236,,
4772122002229,Mexican spice mix with garlic,3.55,100g,"Puikiai dera daržovių patiekalams, orkaitėje ar ant grotelių keptiems mėsos bei žuvies patiekalams, troškiniams, padažams ir sriuboms gardinti.",,,4772122002229,,
8691573869563,Midyat (Medium) Bulgur  BURCU,9.99,5000g,,Turkey,,8691573869563,,
8691573089589,Midyat Bulgur With Vermicelli BURCU,17.00,5000g,,,,8691573089589,,
8691440505006,Midyat Fine Pilaf Bulgur DURU,11.00,5000g,,,,8691440505006,,
8710605092011,Mihoen Rice Noodles GO_TAN,4.95,250g,,,,8710605092011,,
011210009561,Mild Sauce with Green Pepper TABASCO,7.49,60g,,,Padažai - pastos ir užtepėlės,11210009561,,
8691573012747,Mild ajvar sauce BURCU,3.55,560g,,,Padažai - pastos ir užtepėlės,8691573012747,,
8691573022128,Mild ajvar sauce BURCU,3.50,310g,,Turkey,Padažai - pastos ir užtepėlės,8691573022128,,
7178600000140,Mild curry paste PASCO,3.20,270g,,,Padažai - pastos ir užtepėlės / Padažai,7178600000140,,
8682718431837,"Milk chocolate cookies with marshmalow  ,,Modern'' 184g",3.49,200g,,,,8682718431837,,
8690504118244,Milky Biscuits For Babies ULKER,3.00,172g,,,,8690504118244,,
8690777103510,Milžiniškos pupelės pomidorų padaže SERA,4.50,300g,,,,8690777103510,,
8690504039723,Mini Chocolate coated cookie with marshmallow HALLEY,2.99,103g,,Turkey,,8690504039723,,
4027394001754,Mini cheese YAYLA,2.99,136g,"Pieno produktai yra svarbiausios YAYLA produktų asortimento dalys, todėl jie yra perdirbami ir gaminami tik iš aukščiausios kokybės, pripažintų, sertifikuotų, ekologiškai tvarių Europos ūkių ingredientų. Gamyba vykdoma naudojant moderniausias technologijas, kurios atitinka reikalavimus energijos vartojimo efektyvumo, tvarumo ir kokybės atžvilgiu. Klientai gauna produktą, kuriuo gali mėgautis žinodami, jog jis buvo pagamintas atsakingai ir kokybiškai.",,,4027394001754,,
8693641021262,Mini lokum fruit flavored AVŞARLAR,3.50,350g,,,Saldumynai (chalva - lokumas - šokoladas - batonėliai),8693641021262,,
5412294003370,Mini lokum of various tastes SARAY,3.90,300g,,,Saldumynai (chalva - lokumas - šokoladas - batonėliai),5412294003370,,
8693641021255,Mini lokum with pistachios AVŞARLAR,5.99,350g,,,Saldumynai (chalva - lokumas - šokoladas - batonėliai),8693641021255,,
4027394004199,Mini poultry sausages Kokteyl YAYLA,4.90,400g,"Visi YAYLA mėsos gaminiai yra sertifikuoti pagal Europos standartus. Halal sertifikatas taip pat užtikrinamas visiems YAYLA maisto produktams. Ypatingas dėmėsys ingredientų pasirinkimui, perdirbimui ir paruošimui yra pagrindinės priežastys, dėl kurių YAYLA produktai yra tokie skanūs.",,,4027394004199,,
8690719102168,Mint & Lemon,0.99,40g,,Turkey,,8690719102168,,
8690524055130,Mint flavored Gum FALIM,0.45,7g,,,,8690524055130,,
5411944369361,Mint flavored drink granules SEBAHAT,4.50,220g,,,,5411944369361,,
8699580000191,Mint linden herbal tea DOGADAN,2.70,30g,,,Arbata - kava / Žolelių arbata,8699580000191,,
5283003610710,Mint water CHTOURA GARDEN,0.99,500ml,,,,5283003610710,,
5283003610703,Mint water CHTOURA GARDEN,0.49,250ml,,,,5283003610703,,
8699580000214,Mint-lemon tea DOGADAN,3.60,40g,,,Arbata - kava / Žolelių arbata,8699580000214,,
4770477231585,Mirinda,1.39,500ml,,,,4770477231585,,
4770477231530,Mirinda ,0.90,330ml,,,,4770477231530,,
4902663007524,Misas SHINSHU SHIRO,7.49,100g,,,,4902663007524,,
4772122015397,Misinys Mociutes Kotletukams,1.75,100g,,,,4772122015397,,
8858960300157,Miso Soup Paste ENSO,1.49,60g,,,Padažai - pastos ir užtepėlės,8858960300157,,
8690524055635,Mix Fruit flavored Gum FALIM,0.45,7g,,,,8690524055635,,
5283001109568,Mix Herbal Tea ABIDO,6.00,100g,,Netherlands,,5283001109568,,
8693891700900,Mix Tomato & Pepper Paste ONCU,8.99,700g,,,Padažai - pastos ir užtepėlės / Pomidorų ir paprikų pastos,8693891700900,,
8696801000145,Mix Vegetable Pickles CICEK,4.99,3000g,,,,8696801000145,,
8693641021279,Mix flavored lokum with coconut flakes AVŞARLAR,8.00,350g,,,Saldumynai (chalva - lokumas - šokoladas - batonėliai),8693641021279,,
5011308004107,Mixed Pickle PATAK'S,6.99,283g,,,,5011308004107,,
8693641003909,Mixed lokum LUKS KARISIK AVSARLAR,7.50,600g,,,Saldumynai (chalva - lokumas - šokoladas - batonėliai),8693641003909,,
4250129821079,Mixed nut bar FEYZA,1.00,40g,,,,4250129821079,,
8690629434878,Mixture for cream DR.OETKER,0.90,116g,,,,8690629434878,,
4713072179555,Mochi `Rice Cake With Matcha Green Tea` YUKI & LOVE,5.99,128g,,,Saldumynai (chalva - lokumas - šokoladas - batonėliai) / Lokumas,4713072179555,,
4711931034168,Moki su Bubble Milk Tea skonio,8.49,210g,,,,4711931034168,,
4711931018441,Moki su Zaliosisos arbatos skonio,8.49,210g,,,,4711931018441,,
8693641004906,Morkų skanėstas su įvairiais riešutais AVŞARLAR,6.99,500g,,,,8693641004906,,
61300876545,Mucho Mango Fruit Cocktail ARIZONA,2.85,500ml,,,,61300876545,,
8690629310950,Muhallebi milk pudding DR.OETKER,1.60,210g,,,,8690629310950,,
8690777400510,Mulberry Syrup SERA,3.50,340g,,,Sirupai - džemai - uogienės - sezamo pasta,8690777400510,,
8680771001363,Mulberry nectar ŞENAY,14.00,700g,,,,8680771001363,,
8698518426577,Mulberry syrup CITY FARM,4.50,450g,,,Sirupai - džemai - uogienės - sezamo pasta,8698518426577,,
8699424286033,Mulberry syrup GULCAN,4.50,720g,,,Sirupai - džemai - uogienės - sezamo pasta,8699424286033,,
4770569915744,Multivitamin Juice GRANINI,1.89,250ml,,,,4770569915744,,
4779031861282,Multivitaminai ir mineralai „Healthy Choice“ 90 tablečių,41.00,117g,,,Sveikatos produktai,4779031861282,,
8691573071201,Mung beans BURCU,1.99,500g,,,,8691573071201,,
4251354800471,Mung beans NERGIZ AKSIYON,3.40,800g,,,,4251354800471,,
4262396730480,Mung pupelės HUNKAR,6.00,1000g,,,,4262396730480,,
8691573077234,Mushrooms BURCU,4.20,560g,,,,8691573077234,,
201609,Muskato riešutai,2.75,5vnt,,Turkey,Prieskoniai,201609,,
8684477430144,Mėlynių skonio gėrimas su baziliko sėklomis MONTANA,2.50,250ml,,,,8684477430144,,
8699580000207,Mėtinė arbata pakeliais (20 vnt) DOGADAN,2.90,26g,,,Arbata - kava / Žolelių arbata,8699580000207,,
4260637869098,Mėtų ir citrinų arbata ALIBABA,3.50,100g,,,,4260637869098,,
5000112654370,NEPTUNAS Sport,2.50,750ml,,,,5000112654370,,
8595646203554,NESTEA Peach,2.20,500ml,,,,8595646203554,,
4750042305484,NORTE Gazuotas,0.90,500ml,,,,4750042305484,,
4750042305507,NORTE Negazuotas,0.90,500ml,,,,4750042305507,,
5900259122667,Nacho Cheese Bugles LAYS,3.50,110g,,,,5900259122667,,
5900259094704,Nacho Cheese DORITOS,3.30,100g,,,,5900259094704,,
8690816982397,Natural Apple Vinegar FERSAN,4.99,500ml,,,,8690816982397,,
8437002760144,Natural Dried Figs GOOD FIG,8.49,500g,,,,8437002760144,,
8437002760038,Natural Dried Figs GOOD FIG,3.99,200g,,,,8437002760038,,
8699924364613,Natural Grape Syrup RESITOGLU,5.00,380g,,,Sirupai - džemai - uogienės - sezamo pasta,8699924364613,,
8690105005660,Natural Hemsin Black Tea CAYKUR,8.90,400g,,Turkey,Arbata - kava / Juodoji arbata,8690105005660,,
8691685013175,Natural Macadamia Oil Shampoo EYUP SABRI,8.49,600ml,,,Pramoninės prekės - higienos priemonės,8691685013175,,
8691685014776,Natural Olive Oil Shower Gel EYUP SABRI,8.50,600ml,,Turkey,Pramoninės prekės - higienos priemonės,8691685014776,,
8691685014837,Natural Olive Oil Soap Ocean EYUP SABRI ,4.50,500ml,,,Pramoninės prekės - higienos priemonės,8691685014837,,
8691685013915,Natural Olive Oil Soap Ocean with Citus EYUP SABRI ,5.25,500ml,,Turkey,Pramoninės prekės - higienos priemonės,8691685013915,,
8691685014820,Natural Olive Oil Soap With Amber EYUP SABRI ,4.50,500ml,,Turkey,Pramoninės prekės - higienos priemonės,8691685014820,,
8691685018583,Natural Olive Oil Soap With Coconut EYUP SABRI  ,4.30,500ml,,,Pramoninės prekės - higienos priemonės,8691685018583,,
8691685018637,Natural Olive Oil Soap With Goat Milk EYUP SABRI   ,4.50,500ml,,Turkey,Pramoninės prekės - higienos priemonės,8691685018637,,
8691685018651,Natural Olive Oil Soap With Sweet Almond EYUP SABRI ,4.55,500ml,,Turkey,Pramoninės prekės - higienos priemonės,8691685018651,,
8691381000011,Natural Sparkling mineral water BEYPAZARI,1.00,200ml,,,,8691381000011,,
8697407197581,Natural apple tea OTTOMAN,5.50,150g,,,Arbata - kava / Vaisinė arbata,8697407197581,,
8695336108326,Natural black olives with pits. BAĞCI,3.99,200g,,,Alyvuogės / Juodosios alyvuogės,8695336108326,,
8695336110992,Natural black olives with pits. BAĞCI,4.70,250g,,,Alyvuogės / Juodosios alyvuogės,8695336110992,,
8691685001905,Natural olive oil soap EYUP SABRI TUNCER,5.50,750ml,,,Pramoninės prekės - higienos priemonės,8691685001905,,
6291100213085,Natural premium dates KHALAS,6.50,750g,,,,6291100213085,,
8691685013199,Natural shampoo with coconut milk EYUP SABRI,8.00,600ml,,,Pramoninės prekės - higienos priemonės,8691685013199,,
8693495054485,Natural soap HACI SAKIR,3.80,600g,,,Pramoninės prekės - higienos priemonės,8693495054485,,
4760023500043,Natural sparkling mineral water SIRAB,1.90,500ml,"SIRAB išgaunamas Azerbaidžane, Nachičevanės AR, Babeko rajone, Sirabo kaime iš gręžinio Nr. 12. Vanduo paruoštas taikant oficialiai leidžiamą absorbcijos metodą. Turi fluorido daugiau kaip 1,5mg/l.",,,4760023500043,,
4760023500029,Natural sparkling mineral water SIRAB,1.75,1000ml,"SIRAB išgaunamas Azerbaidžane, Nachičevanės AR, Babeko rajone, Sirabo kaime iš gręžinio Nr. 12. Vanduo paruoštas taikant oficialiai leidžiamą absorbcijos metodą. Turi fluorido daugiau kaip 1,5mg/l.",,,4760023500029,,
8690103291386,Naturalios Alyvuoges su prieskoniais MARMARABIRLIK,6.90,400g,,,,8690103291386,,
8690103292390,Naturalios Alyvuoges su prieskoniais MARMARABIRLIK (kopija),9.49,400g,,,,8690103292390,,
712664887803,Naturalios Medjoul Datules ALRAII,11.50,250g,,,,712664887803,,
6194042700029,Naturalios Medjoul Datules DATCO,17.90,908g,,,,6194042700029,,
8719326034065,Naturalios Medjoul Datules SHOMISHA,16.90,908g,,,,8719326034065,,
6254000039308,Naturalios datules su kauliukais MEDJOOL,15.00,500g,,,,6254000039308,,
6260437131454,Naturally sweet Dates QUEEN'S DIAMOND,1.30,250g,,,,6260437131454,,
8699924364934,Naturel Mulberry extract RESITOGLU,3.90,100ml,,,,8699924364934,,
8699067031175,Natūralus gazuotas mineralinis vanduo GEDIZ,0.75,200ml,,,,8699067031175,,
4770405228847,Negazuotas AKVILE,1.89,330ml,,,,4770405228847,,
5000112651461,Negazuotas NEPTUNAS,0.90,500ml,,,,5000112651461,,
8690777020237,Nesaldūs kepti kaštonai OLAY,3.80,125g,,,,8690777020237,,
5283001118331,Nigella ABIDO,4.90,50g,,,,5283001118331,,
5906615133292,Nitrile Gloves Black,5.50,,,,,5906615133292,,
5906615134299,Nitrile Gloves Black,5.50,,,,,5906615134299,,
0005,Non-Barcode Product,1.00,,,,,5,,
8720301110186,Noodles with Egg HS,5.90,,,,,8720301110186,,
8697437659196,Nougat with honey and almonds FEYZA,1.10,40g,,,,8697437659196,,
8697437659332,Nougat with pistachios FEYZA,1.20,40g,,,,8697437659332,,
8697437659257,Nougat with walnuts FEYZA,1.00,40g,,,,8697437659257,,
8717973290896,Nut and chickpea mix ANATOLIA,2.99,200g,,,,8717973290896,,
8717973292135,Nut mix Elite ANATOLIA,5.60,200g,,,,8717973292135,,
8717552025789,Nutmeg 15pcs. GÜLCAN,7.55,15vnt.,,,,8717552025789,,
4772122002403,Nutmeg whole,6.60,100g,,,,4772122002403,,
4260649142493,Nuts & Chickpeas Mix DERMANN,3.99,200g,,,Riešutai - sėklos ir užkandžiai,4260649142493,,
4262396736062,Obuoliu Actas HUNKAR,3.99,500ml,,,,4262396736062,,
4260637869050,Obuolių arbata ALIBABA,2.50,150g,,,,4260637869050,,
5411944369347,Obuolių skonio gėrimo granulės SEBAHAT,3.99,220g,,,,5411944369347,,
8697217081407,Obuolių skonio tirpusis gėrimas USAS,3.99,250g,,,,8697217081407,,
4260637865786,Odekolonas su alyvuogių ALIBABA,5.50,400ml,,,,4260637865786,,
4260637866264,Odekolonas su alyvuogių ALIBABA ,3.50,175ml,,,,4260637866264,,
4260637865731,Odekolonas su citrina ALIBABA,3.45,175ml,,Turkey,,4260637865731,,
4260637865649,Odekolonas su citrina ALIBABA,6.50,400ml,,,,4260637865649,,
4260637866271,Odekolonas su levandomis ALIBABA,3.55,175ml,,,,4260637866271,,
4260637865779,Odekolonas su levandomis ALIBABA,5.00,400ml,,,,4260637865779,,
8691573007316,Okra BURCU,2.99,550g,,,,8691573007316,,
5285001409815,Okra su pomidorais CHTOURA GARDEN,5.50,350g,,,,5285001409815,,
5201119002403,Okra with tomatoes PALIRRIA,3.99,280g,,,,5201119002403,,
4027394002553,Old Kashkaval Cheese YAYLA,4.90,250g,,,,4027394002553,,
8718951384392,Olive Oil & Honey Pure Soap HACI SAKIR,7.00,600g,,Turkey,Pramoninės prekės - higienos priemonės,8718951384392,,
8011845300554,Olive Oil HAYAT KAYNAGI,6.90,1000ml,,,Actas - aliejus / Aliejus,8011845300554,,
8699300271153,Olive Oil Riviera KOMILI,8.99,500ml,,Turkey,Actas - aliejus / Aliejus,8699300271153,,
8690102406460,Olive Oil TARIS,8.00,500ml,,Turkey,Actas - aliejus / Aliejus,8690102406460,,
5283003610963,Olive oil CHTOURA GARDEN,17.25,750ml,,,Actas - aliejus / Aliejus,5283003610963,,
5285001407972,Olive oil CHTOURA GARDEN,4.99,250ml,,,Actas - aliejus / Aliejus,5285001407972,,
8690102405067,Olive oil TARIS,14.40,1000ml,,,Actas - aliejus / Aliejus,8690102405067,,
8690529260607,Olive oil soap DALAN,1.60,170g,,,Pramoninės prekės - higienos priemonės,8690529260607,,
8690529166541,Olive oil soap DALAN,2.95,500g,,,Pramoninės prekės - higienos priemonės,8690529166541,,
8690529516155,Olive oil soap DALAN,1.60,170g,,,Pramoninės prekės - higienos priemonės,8690529516155,,
8691685013885,Olive soap EYÜP SABRI TUNCER,4.75,500ml,,Turkey,Pramoninės prekės - higienos priemonės,8691685013885,,
8690103131149,Olive spread MARMARABIRLIK,1.99,175g,,,Padažai - pastos ir užtepėlės,8690103131149,,
8690103132146,Olive spread with spices MARMARABIRLIK,1.99,175g,,,Padažai - pastos ir užtepėlės,8690103132146,,
5214000981947,Olive tapenade with chilli,6.00,100g,,,Padažai - pastos ir užtepėlės,5214000981947,,
5214000981961,"Olive tapenade with feta, oregano, thyme",6.00,100g,,,Padažai - pastos ir užtepėlės,5214000981961,,
5214000981930,Olive tapenade with garlic,6.00,100g,,,Padažai - pastos ir užtepėlės,5214000981930,,
5214000981992,Olive tapenade with honey and cinnamon,6.00,100g,,,Padažai - pastos ir užtepėlės,5214000981992,,
5214000981978,"Olive tapenade with oregano, thyme, pepper, lemon",6.00,100g,,,Padažai - pastos ir užtepėlės,5214000981978,,
4779031861329,Omega-3 žuvų taukai „Healthy Choice” 120 kapsulių,65.00,160.8g,,,Sveikatos produktai,4779031861329,,
4779032461160,Onion & Pomegranate Chutney BUGA'S,3.50,140ml,,,,4779032461160,,
4779052060992,Orange BONSU,2.10,330ml,,,,4779052060992,,
6281034016029,Orange Fruit Drink RANI,0.65,235ml,,,,6281034016029,,
5285001401468,Orange blossom water CHTOURA GARDEN,1.99,500ml,,,,5285001401468,,
5285001401475,Orange blossom water CHTOURA GARDEN,1.49,250ml,,,,5285001401475,,
4760062102505,Orange flavored black tea AZERCAY,2.10,45g,,,Arbata - kava / Juodoji arbata,4760062102505,,
5411944369286,Orange flavored drink granules SEBAHAT ,4.50,220g,,,,5411944369286,,
8690906001779,Orange jelly BASAK,2.30,100g,,,,8690906001779,,
4779030395962,Orange pepper,3.35,100g,,,,4779030395962,,
8717552025253,Oregano GÜLCAN,2.90,70g,,,,8717552025253,,
8697436571796,Oregano ÇILOĞLU,1.99,25g,,,,8697436571796,,
7422256770774,Organic Date Syrup TOMOOR,5.40,250g,,,Sirupai - džemai - uogienės - sezamo pasta,7422256770774,,
8002225650697,Organic Tuscan bean soup ORGANIC,1.50,400g,"Ekologiški produktai iš Italijos ORGANIC: konservuotos pupelės, pomidorai, kruopos, paruoštos sriubos bei pomidorų padažai. Tai produktai, kurie buvo gaminami tik iš aukščiausios kokybės ingredientų, naudojant moderniasias technologijas ir specializuotas kontrolės sistemas.",,,8002225650697,,
8002225650703,Organic barley soup ORGANIC,1.60,400g,"Ekologiški produktai iš Italijos ORGANIC: konservuotos pupelės, pomidorai, kruopos, paruoštos sriubos bei pomidorų padažai. Tai produktai, kurie buvo gaminami tik iš aukščiausios kokybės ingredientų, naudojant moderniasias technologijas ir specializuotas kontrolės sistemas.",,,8002225650703,,
8002225650574,Organic canned Carnaroli rice ORGANIC,1.40,400g,"Ekologiški produktai iš Italijos ORGANIC: konservuotos pupelės, pomidorai, kruopos, paruoštos sriubos bei pomidorų padažai. Tai produktai, kurie buvo gaminami tik iš aukščiausios kokybės ingredientų, naudojant moderniasias technologijas ir specializuotas kontrolės sistemas.",,,8002225650574,,
8002225650147,Organic canned chickpeas ORGANIC,1.30,400g,"Ekologiški produktai iš Italijos ORGANIC: konservuotos pupelės, pomidorai, kruopos, paruoštos sriubos bei pomidorų padažai. Tai produktai, kurie buvo gaminami tik iš aukščiausios kokybės ingredientų, naudojant moderniasias technologijas ir specializuotas kontrolės sistemas.",,,8002225650147,,
8698518455560,Organic carobbean molasses CITY FARM,5.10,450g,,,,8698518455560,,
8002225650284,Organic cherry tomatoes ORGANIC,1.70,400g,"Ekologiški produktai iš Italijos ORGANIC: konservuotos pupelės, pomidorai, kruopos, paruoštos sriubos bei pomidorų padažai. Tai produktai, kurie buvo gaminami tik iš aukščiausios kokybės ingredientų, naudojant moderniasias technologijas ir specializuotas kontrolės sistemas.",,,8002225650284,,
8680618035582,Organic children's clothing set NEWBORN,51.00,1vnt.,,,,8680618035582,,
8001250060341,"Organic durum wheat semolina pasta ""Fusilli"" DE CECCO",3.60,500g,,,,8001250060341,,
5213004191956,Organic extra virgin olive oil SPARTA GROVES,13.99,500ml,,,Actas - aliejus / Aliejus,5213004191956,,
8698518424252,Organic grape molasses CITY FARM,6.30,460g,,,,8698518424252,,
8698518422692,Organic green lentils CITY FARM,3.89,500g,,,,8698518422692,,
8002225650291,Organic mashed tomato sauce ORGANIC,2.50,690g,"Ekologiškas pomidorų padažas – be konservantų ir pridėtinio cukraus. Pagamintas Italijoje, naudojant tik ekologiškus produktus. Tinkamas veganams. Puikiai tinka su ryžiais ar makaronais, prie žuvies patiekalų, gaminant picą ar kitus padažus: Keptuvėje ant alyvuogių aliejaus pakepinkite česnaką, svogūną ir supilkite padažą, patroškinkite ant lėtos ugnies ir valgykite kartu su makaronais ar kitais patiekalais.",,Padažai - pastos ir užtepėlės,8002225650291,,
8002225651052,Organic quinoa ORGANIC,1.99,400g,"Ekologiški produktai iš Italijos ORGANIC: konservuotos pupelės, pomidorai, kruopos, paruoštos sriubos bei pomidorų padažai. Tai produktai, kurie buvo gaminami tik iš aukščiausios kokybės ingredientų, naudojant moderniasias technologijas ir specializuotas kontrolės sistemas.",,,8002225651052,,
8698518422593,Organic red lentils CITY FARM,3.30,500g,"City Farm ekologiški raudonieji lęšiai daugiausiai auginami Centrinės Antalijos, Gaziantep ir Şanlıurfa regionuose yra pagrindinis turkiškos lęšių sriubos ingredientas. Raudonieji lęšiai turtingi baltymų ir puikiai tinka gaminti veganiškus/vegetariškus patiekalus, įvairius užkandžius.",,,8698518422593,,
8698518430512,Organic red lentils CITY FARM,5.80,1000g,"City Farm ekologiški raudonieji lęšiai daugiausiai auginami Centrinės Antalijos, Gaziantep ir Şanlıurfa regionuose yra pagrindinis turkiškos lęšių sriubos ingredientas. Raudonieji lęšiai turtingi baltymų ir puikiai tinka gaminti veganiškus/vegetariškus patiekalus, įvairius užkandžius.",,,8698518430512,,
8001250060129,Organic spaghetti DE CECCO,3.20,500g,,,,8001250060129,,
8698518450626,Organic tomato paste CITY FARM,9.50,660g,,,Padažai - pastos ir užtepėlės / Pomidorų ir paprikų pastos,8698518450626,,
8002225650253,Organic white Cannellini beans ORGANIC,1.30,400g,"Ekologiški produktai iš Italijos ORGANIC: konservuotos pupelės, pomidorai, kruopos, paruoštos sriubos bei pomidorų padažai. Tai produktai, kurie buvo gaminami tik iš aukščiausios kokybės ingredientų, naudojant moderniasias technologijas ir specializuotas kontrolės sistemas.",,,8002225650253,,
8850030111267,Oriental Fried Rice Seasoning Mix  LOBO,2.49,25g,,,,8850030111267,,
3166296552214,Original CHOLULA,7.75,150ml,,,,3166296552214,,
049733091015,Original CHOLULA,7.75,150ml,,,,49733091015,,
8850038400066,Oyster sauce MAE KRUA,3.30,150ml,,,Padažai - pastos ir užtepėlės,8850038400066,,
4260193514944,Ožkos sūris YOREM,11.49,400g,,,,4260193514944,,
4770477231516,PEPSI,0.90,330ml,,,,4770477231516,,
4770477231615,PEPSI ORIGINAL,1.90,1500ml,,,,4770477231615,,
4770477231547,PEPSI Zero ,0.90,330ml,,,,4770477231547,,
8690629400033,PROFITEROL DR. OETKER 360g,5.70,315g,,,,8690629400033,,
08766605288,Padažas Sriracha su citrinžole FG,6.50,455ml,,,,8766605288,,
3324000990046,Palmier aromat. rice,5.50,1000g,Tailandietiški aromatiniai ryžiai \n \n&nbsp;,,,3324000990046,,
8717703631555,Panko GOLDEN TURTLE BRAND,3.99,200g,,,,8717703631555,,
8717552025437,Pankolio sėklos GULCAN 130g,2.60,150g,"Pankolis – žinomas kaip „saldusis kmynas“. Visuose Indijos restoranuose po valgio kartu su sąskaita atnešamas indelis su pankolio sėklomis. Kramtomos jos išvalo dantis nuo maisto likučių, aromatas atšviežina burną ir kvėpavimą. Šis augalas pasižymi lengvu krapų ir anyžių skonių mišiniu, švelniu skoniu, todėl dažnai yra naudojamas kaip garnyras prie įvairiausių mėsos ir žuvies patiekalų, kaip ingredientas daržovių troškiniuose. Pankoliai yra vėsinančio, saldaus skonio.",,,8717552025437,,
8718226323057,Papaya Fruit Drink  MAAZA,2.49,1000ml,,,,8718226323057,,
4052509001343,Paper Bag,0.50,,,,,4052509001343,,
7350013947421,Paper Hot Cup ,3.50,50vnt,,,,7350013947421,,
8690530015029,Paper Towel  SELPAK,4.90,300g,,,,8690530015029,,
8690530036444,Paper Towel Maxi Rolls SELPAK,7.49,280g,,,,8690530036444,,
8690530005570,Paper Towel Maxi Rolls SELPAK,5.90,280g,,,,8690530005570,,
5900259130846,Paprika Style Flavoured Bugles LAYS,3.90,110g,,,,5900259130846,,
6291103750495,Parantha Masala Spice blend MDH,2.90,100g,"Šis mišinys suteikia patrauklų, savitą aromata ir puikų skonį miltiniams patiekalams: picoms, karštiems sumuštiniams, makaronams, kepiniams, bandelėms, bandelėms su įdaru.",,,6291103750495,,
4770569915843,Passiflora Fruit GRANINI,1.89,750ml,,,,4770569915843,,
8718226323064,Passion Fruit Drink  MAAZA,2.49,1000ml,,,,8718226323064,,
8850389116920,Passion Fruit Flavored Drink MOGU MOGU,2.99,320ml,,,,8850389116920,,
8690576029189,Pasta Boncuk ANKARA,0.75,500g,,Turkey,,8690576029189,,
8690576029233,Pasta Boncuk ANKARA,0.75,500g,,Turkey,,8690576029233,,
8690576029257,Pasta Manti ANKARA,0.75,500g,,Turkey,,8690576029257,,
8690576029158,Pasta Wagon Wheel ANKARA,0.75,500g,,Turkey,,8690576029158,,
8690576029820,Pasta Yildiz Sehriye 8-10min ANKARA,0.75,500g,,Turkey,,8690576029820,,
8690906006859,Pasta sauce spice mix BASAK,2.60,100g,,,Prieskoniai / Prieskonių mišiniai,8690906006859,,
8001060006928,Pasta sauce with cherry tomatoes and basil SACLA,4.40,420g,,,Padažai - pastos ir užtepėlės,8001060006928,,
8690576029455,Pasta wagon wheel (animal figures) ANKARA,0.75,500g,,Turkey,,8690576029455,,
8690946102504,Pasta with Vegetables MUTLU,2.90,350g,,,,8690946102504,,
8699924363104,Paste with propolis RESITOGLU,6.49,230g,,,Padažai - pastos ir užtepėlės,8699924363104,,
4260193515392,Pastry Leaves OZ YOREM,6.49,500g,,,,4260193515392,,
8693730000574,Pastry Leaves OZ YUFKA,5.50,650g,,,,8693730000574,,
8693730010108,Pastry Leaves OZ YUFKA,2.50,500g,,,,8693730010108,,
4260193519918,Pastry Leaves for Baklava YOREM,5.70,400g,,,,4260193519918,,
4760018504964,Peach Juice with Slices BIZIM TARLA,4.75,1000ml,,Azerbaijan,,4760018504964,,
4760062102536,Peach flavored black tea AZERCAY,3.00,45g,,,Arbata - kava / Juodoji arbata,4760062102536,,
8690105004786,Peach flavoured ice tea DIDI,1.09,250ml,,,,8690105004786,,
4860006371223,Peach jam,4.50,380g,,,,4860006371223,,
8690949000043,Peanut bar TEMPO,0.99,40g,,,,8690949000043,,
4779031860681,Peanut spread HEALTHY CHOICE,11.34,250g,,,Padažai - pastos ir užtepėlės,4779031860681,,
8717973290643,Peanuts with pepper spices ANATOLIA,1.75,200g,,,,8717973290643,,
8717973293033,Peanuts with wasabi flavor ANATOLIA,2.80,250g,,,,8717973293033,,
8720387052066,Pearl couscous SENS MAROC,7.40,900g,,,,8720387052066,,
4760065708957,Peeled Tomato BIZIM TARLA,4.90,640g,,,,4760065708957,,
8691440710332,Peeled Wheat Asurelik Bugday DURU,3.10,1000g,,,,8691440710332,,
5283003611052,Peeled and grilled eggplant CHTOURA GARDEN,4.00,585g,,,,5283003611052,,
8717973291626,Peeled roasted hazelnuts ANATOLIA,5.00,200g,,,,8717973291626,,
8717973291459,Pekano riešutai ANATOLIA,7.09,200g,,,,8717973291459,,
8690576029264,Penne midje ANKARA,0.75,500g,,,,8690576029264,,
8690576029288,Penne tube pasta ANKARA,0.75,500g,,,,8690576029288,,
8690576029165,Penne tube pasta ANKARA,0.75,500g,,,,8690576029165,,
8690576029431,Penne tube pasta ANKARA,0.75,500g,,Turkey,,8690576029431,,
8850030110710,Pepper & Garlic Seasoning Mix  LOBO,1.50,30g,,,,8850030110710,,
8691573007125,Pepper paste (mild) BURCU,2.80,320g,,,Padažai - pastos ir užtepėlės / Pomidorų ir paprikų pastos,8691573007125,,
8693891195935,Pepper paste (mild) ÖNCÜ,4.90,370g,,Turkey,Padažai - pastos ir užtepėlės / Pomidorų ir paprikų pastos,8693891195935,,
8680419600750,Pepper sauce (hot) YURTTAN,3.40,630g,,,Padažai - pastos ir užtepėlės,8680419600750,,
8680419600743,Pepper sauce (mild) YURTTAN,3.40,630g,,,Padažai - pastos ir užtepėlės,8680419600743,,
4770477231554,Pepsi Normal,1.39,500ml,,,,4770477231554,,
4770477231561,Pepsi Zero,1.39,500ml,,,,4770477231561,,
4770477231622,Pepsi Zero,1.90,"1500ml_x000D_
",,,,4770477231622,,
5012389670991,Peri peri sauce ENCONA,2.70,142ml,,,Padažai - pastos ir užtepėlės,5012389670991,,
8690575871819,Persikų nektaras TAMEK,3.50,1000ml,,,,8690575871819,,
8684477430120,Persikų skonio gėrimas su baziliko sėklomis MONTANA,2.35,250ml,,,,8684477430120,,
8691837001012,Phyllo dough Kadayif HASTEL,1.49,200g,Paruošimas: paruoškite cukraus sirupą (5 stiklinėms vandens reikia 5 stiklinių cukraus). Ištirpdykite 150g sviesto ir sumaišykite su nedideliu kiekiu paruošto sirupo. Įdėkite tešlą į kepimo forma ir apliekite tešlą cukraus sirupo ir sviesto mišiniu. Kepkite orkaitėje 180°C apie 10-15 minučių. Išėmus dar karštą apipilkite likusiu sirupu ir patiekite su pistacijų riešutais arba grietinėlės kremu.,,,8691837001012,,
8691837004020,Phyllo dough Kadayif HASTEL,3.00,400g,Paruošimas: paruoškite cukraus sirupą (5 stiklinėms vandens reikia 5 stiklinių cukraus). Ištirpdykite 150g sviesto ir sumaišykite su nedideliu kiekiu paruošto sirupo. Įdėkite tešlą į kepimo forma ir apliekite tešlą cukraus sirupo ir sviesto mišiniu. Kepkite orkaitėje 180°C apie 10-15 minučių. Išėmus dar karštą apipilkite likusiu sirupu ir patiekite su pistacijų riešutais arba grietinėlės kremu.,,,8691837004020,,
4027394001013,Phyllo dough Sac Yufka YAYLA,2.99,500g,"Kepiniai yra neatsiejama turkų virtuvės dalis. Sluoksniuota tešla, tešlos lakštai naudojami ne tik pagrindiniams patiekalams ir užkandžiams gaminti, bet ir saldiems desertams ruošti. Aukštos kokybės konditerijos gaminiai, pagaminti naudojant tik geriausius kvietinius miltus, yra „YAYLA konditerijos“ produktų linijos pagrindas. Natūralūs ingredientai ir dėmesys detalėms yra tai, kas vienija visus YAYLA produktus.",,,4027394001013,,
4027394001051,Phyllo dough Taze Kadayif YAYLA,3.99,500g,"Kepiniai yra neatsiejama turkų virtuvės dalis. Sluoksniuota tešla, tešlos lakštai naudojami ne tik pagrindiniams patiekalams ir užkandžiams gaminti, bet ir saldiems desertams ruošti. Aukštos kokybės konditerijos gaminiai, pagaminti naudojant tik geriausius kvietinius miltus, yra „YAYLA konditerijos“ produktų linijos pagrindas. Natūralūs ingredientai ir dėmesys detalėms yra tai, kas vienija visus YAYLA produktus.",,,4027394001051,,
4027394001020,Phyllo dough Uzun YAYLA,2.79,400g,"Kepiniai yra neatsiejama turkų virtuvės dalis. Sluoksniuota tešla, tešlos lakštai naudojami ne tik pagrindiniams patiekalams ir užkandžiams gaminti, bet ir saldiems desertams ruošti. Aukštos kokybės konditerijos gaminiai, pagaminti naudojant tik geriausius kvietinius miltus, yra „YAYLA konditerijos“ produktų linijos pagrindas. Natūralūs ingredientai ir dėmesys detalėms yra tai, kas vienija visus YAYLA produktus.",,,4027394001020,,
4027394010404,Phyllo dough sheets Ucgen YAYLA,2.30,360g,,,,4027394010404,,
4027394001112,Phyllo dough sheets for baklava YAYLA,3.10,500g,"Kepiniai yra neatsiejama turkų virtuvės dalis. Sluoksniuota tešla, tešlos lakštai naudojami ne tik pagrindiniams patiekalams ir užkandžiams gaminti, bet ir saldiems desertams ruošti. Aukštos kokybės konditerijos gaminiai, pagaminti naudojant tik geriausius kvietinius miltus, yra „YAYLA konditerijos“ produktų linijos pagrindas. Natūralūs ingredientai ir dėmesys detalėms yra tai, kas vienija visus YAYLA produktus.",,,4027394001112,,
4027394001044,Phyllo dough Üçgen YAYLA,3.45,360g,"Kepiniai yra neatsiejama turkų virtuvės dalis. Sluoksniuota tešla, tešlos lakštai naudojami ne tik pagrindiniams patiekalams ir užkandžiams gaminti, bet ir saldiems desertams ruošti. Aukštos kokybės konditerijos gaminiai, pagaminti naudojant tik geriausius kvietinius miltus, yra „YAYLA konditerijos“ produktų linijos pagrindas. Natūralūs ingredientai ir dėmesys detalėms yra tai, kas vienija visus YAYLA produktus.",,,4027394001044,,
4251235841081,Pica Margherita BEYNUR,8.90,330g,,,,4251235841081,,
4031759412062,Pica su jautiena BEYNUR,9.99,330g,,,,4031759412062,,
8690777018401,Pickled Grill Macedonian Green Peppers SERA,6.49,600g,,,,8690777018401,,
8852646182006,Pickled Red Chilli THAI DANCER,4.90,100g,,,,8852646182006,,
8696801001470,Pickled almonds CICEK,3.30,700g,,,,8696801001470,,
8691573086311,Pickled baby peppers BURCU,3.80,550g,,,,8691573086311,,
8696801002972,Pickled garlic cloves CICEK,4.99,350g,,,,8696801002972,,
8696801000343,Pickled gherkins CICEK,6.90,3000g,,,,8696801000343,,
8696801000268,Pickled gherkins CICEK,3.90,700g,,Turkey,,8696801000268,,
8691573086038,Pickled hot peppers BURCU,1.70,310g,,,,8691573086038,,
8691573086007,Pickled hot peppers BURCU,3.00,300g,,,,8691573086007,,
8696801002170,Pickled hot peppers CICEK,2.70,330g,,,,8696801002170,,
8696801002163,Pickled hot peppers CICEK,2.49,620g,,Turkey,,8696801002163,,
8696801001975,Pickled hot peppers CICEK,3.99,330g,,,,8696801001975,,
8696801001968,Pickled hot peppers CICEK,5.50,640g,,Turkey,,8696801001968,,
8696801001562,Pickled rosemary peppers CICEK,5.90,320g,,Turkey,,8696801001562,,
8696801001579,Pickled rosemary peppers CICEK 180g,2.99,180g,,Turkey,,8696801001579,,
4751023310039,Pickled sushi ginger FUDO,2.50,200g,,,,4751023310039,,
8691573016127,Pickled vegetables BURCU,2.30,550g,,,,8691573016127,,
8680419500081,Pickled vegetables YURTTAN,2.40,610g,,,,8680419500081,,
8696801000169,Pickled vegetables ÇIÇEK,3.99,680g,,,,8696801000169,,
8696801000367,Pickles ÇIÇEK,4.99,680g,,,,8696801000367,,
4027394002478,Pienas 1.5% riebumo 1l YAYLA,1.99,1000ml,,,,4027394002478,,
4027394002485,Pienas 3.5% riebumo 1l YAYLA,2.90,1000ml,,,,4027394002485,,
4772122002311,Pilaf spice mix,2.30,70g,Suteikia nuostabų skonį plovui ir troškiniams iš mėsos bei daržovių.,,,4772122002311,,
8690120060590,Pilno grūdo sausainiai TORKU 375g,4.00,393g,,,,8690120060590,,
8852646231001,Pinckled Ginger THAI DANCE,3.50,100g,,,,8852646231001,,
4008194351126,Pindjur sauce ŠOFKO,4.75,670g,,,Padažai - pastos ir užtepėlės,4008194351126,,
4260157572225,Pine honey,4.90,500g,,Turkey,,4260157572225,,
8717973293576,Pine nuts ANATOLIA,6.50,60g,,,,8717973293576,,
8850389116951,Pineapple Fruit Flavored Drink MOGU MOGU,2.99,320ml,,,,8850389116951,,
4770569915829,Pineapple GRANINI,1.89,750ml,,,,4770569915829,,
716221102545,Pineapple Jam PHILIPPINE ,4.90,300g,,,,716221102545,,
4770569915713,Pink GrapeFruit Juice GRANINI,1.89,250ml,,,,4770569915713,,
8904304501657,Pink Guava juice Drink SWAD,2.49,250ml,,,,8904304501657,,
8691216014909,Pink and white marshmallows HARIBO,2.99,70g,,,,8691216014909,,
4262457390141,Pipirai malta ALIBABA,4.40,100g,,,,4262457390141,,
4772122015441,Pipirmete,1.49,50g,,,,4772122015441,,
8680618037395,Pirštinės kūdikiui 2 vnt.,5.10,1vnt.,,,,8680618037395,,
8697217004291,Pistachio and Hazelnut Turkish Delight with Pomegranate Flavor DERMANN,7.40,300g,,,Riešutai - sėklos ir užkandžiai,8697217004291,,
8690949000128,Pistachio bar TEMPO,2.60,40g,,,,8690949000128,,
8699237141352,Pistachio cream without glucose STAR NUT,8.45,200g,,,,8699237141352,,
8717973293583,Pistachio kernels ANATOLIA,4.50,60g,,,,8717973293583,,
3155700001004,Pistachio oil HUILERIE DE LAPALISSE,15.99,250ml,,,,3155700001004,,
8690949000081,Pistachio paste bar TEMPO,0.99,24g,,,Saldumynai (chalva - lokumas - šokoladas - batonėliai) / Batonėliai - sausainiai,8690949000081,,
8717973290742,Pistachios ANATOLIA,6.00,200g,,,,8717973290742,,
8717973290322,Pistachios ANATOLIA,3.99,200g,,,,8717973290322,,
4260649149980,Pistacijomis kremas DERMANN,12.49,200g,,,Riešutai - sėklos ir užkandžiai,4260649149980,,
4251871709424,Pistacijomis kremas DESTAN,10.00,200g,,,,4251871709424,,
4860109430063,Pitted prunes,2.40,80g,,,,4860109430063,,
8680618037760,Pižaminės kelnės 3-6mėn.,14.10,1vnt.,,,,8680618037760,,
8680618010541,Pižamos komplektas (ilgos rankovės ir kelnės) 18-24mėn.,24.10,1vnt.,,,,8680618010541,,
0002,Plastic Bag,0.15,,,,,2,,
4779024850255,Plastic Cup STARPAKAS,1.30,10vnt,,,,4779024850255,,
4771375390350,Plastik maiselis pack,5.75,100vnt,,,,4771375390350,,
4779030180254,Plastik maiselis pack,3.49,100vnt,,,,4779030180254,,
8691685016046,Plaukų kondicionierius su alyvuogių aliejumi EYUP SABRI,7.70,600ml,,,Pramoninės prekės - higienos priemonės,8691685016046,,
8018416026103,Plikyti ryziai GOLDKORN,6.49,1000g,,,,8018416026103,,
8693730001304,Plona tesla kepiniams OZ YUFKA,6.49,700g,,,,8693730001304,,
4760018502847,Plum juice with slices BIZIM TARLA,4.75,1000ml,,,,4760018502847,,
5200348699910,"Plum, honey, olive oil marmalade",6.00,100g,,,Padažai - pastos ir užtepėlės,5200348699910,,
8690906000390,Polenta BASAK,2.50,500g,,,,8690906000390,,
8693891196505,Pomegranate Flavoured Sauce ONCU,7.00,700g,,,Padažai - pastos ir užtepėlės,8693891196505,,
8718226323156,Pomegranate Fruit Drink MAAZA,2.49,1000ml,,,,8718226323156,,
4760007300492,Pomegranate Juice  AZERBAYCAN,3.99,1000ml,,,,4760007300492,,
4760065710226,Pomegranate Juice SAVILLE,2.30,250ml,,Azerbaijan,,4760065710226,,
4262396736031,Pomegranate Sauce HUNKAR,7.20,750ml,,Turkey,Padažai - pastos ir užtepėlės,4262396736031,,
8693891196529,Pomegranate Sauce ONCU,6.00,1000g,,,Padažai - pastos ir užtepėlės,8693891196529,,
4262396736017,Pomegranate Syrup HUNKAR,5.90,250ml,,,Sirupai - džemai - uogienės - sezamo pasta,4262396736017,,
4262396736000,Pomegranate Syrup HUNKAR,3.90,250ml,,,Sirupai - džemai - uogienės - sezamo pasta,4262396736000,,
8690777122092,Pomegranate Syrup Sauce SERA,5.50,340ml,,,Padažai - pastos ir užtepėlės,8690777122092,,
8698720863221,Pomegranate and apple juice JUSS,2.60,1000ml,,,,8698720863221,,
5411944369460,Pomegranate flavored drink granules SEBAHAT,4.50,220g,,,,5411944369460,,
8693641021293,Pomegranate flavored lokum AVŞARLAR,5.00,350g,,,Saldumynai (chalva - lokumas - šokoladas - batonėliai),8693641021293,,
8697217008305,Pomegranate flower tea LOKUMCUZADE,4.00,50g,,,Arbata - kava / Žolelių arbata,8697217008305,,
4760065704652,Pomegranate juice (100%) SAVILLE,5.40,1000ml,,,,4760065704652,,
4760065707783,Pomegranate juice (100%) SAVILLE,2.30,250ml,,,,4760065707783,,
6260100601123,Pomegranate juice SUNICH,4.55,1000ml,,,,6260100601123,,
5412294120541,Pomegranate lokum with pistachio SARAY,7.65,300g,,,Saldumynai (chalva - lokumas - šokoladas - batonėliai),5412294120541,,
8691573088773,Pomegranate sauce BURCU,3.50,345g,,,Padažai - pastos ir užtepėlės,8691573088773,,
5285001401307,Pomegranate sauce CHTOURA GARDEN,2.99,250ml,,,Padažai - pastos ir užtepėlės,5285001401307,,
8693891195980,Pomegranate sauce oncu 265 ml,3.99,250ml,,,Padažai - pastos ir užtepėlės,8693891195980,,
8697433610245,Pomegranate soap ANATOLIAN DAPHNE,1.99,125g,,,Pramoninės prekės - higienos priemonės,8697433610245,,
8696947902464,Pomegranate sour SENAY,7.90,350g,,,,8696947902464,,
6261111101633,Pomegranate syrup 1&amp;1,8.90,430g,,,Sirupai - džemai - uogienės - sezamo pasta,6261111101633,,
8691573088766,Pomegranate syrup 100% BURCU,4.99,345g,,,Sirupai - džemai - uogienės - sezamo pasta,8691573088766,,
6251136003050,Pomegranate syrup DURRA,3.35,235g,,,Sirupai - džemai - uogienės - sezamo pasta,6251136003050,,
4760007300515,Pomegranate syrup NARSHARAB,4.99,430g,,,Sirupai - džemai - uogienės - sezamo pasta,4760007300515,,
4027394010213,Pomegranate syrup YAYLA,7.50,,,,Sirupai - džemai - uogienės - sezamo pasta,4027394010213,,
8691573088445,Pomegranate vinegar BURCU,1.49,500ml,,Turkey,,8691573088445,,
8693891700375,Pomidorų ir pipirų pastą ONCU,5.50,370g,,,,8693891700375,,
6931722315469,Pop ledinukas „Dinozauras“ OZIBOX,1.49,16g,,,,6931722315469,,
6931722315285,Pop ledinukas „Vienaragis“ OZIBOX,1.49,16g,,,,6931722315285,,
8691440710455,Popcorn DURU,3.00,1000g,,,,8691440710455,,
4262396730541,Popcorn HUNKAR,3.49,1000g,,Turkey,,4262396730541,,
4027394001396,Popcorn YAYLA,3.30,900g,,Turkey,,4027394001396,,
4250129834017,Popcorn for microwave (salted) PINKO,1.00,255g,,,,4250129834017,,
4052509001329,Popieriaus maišelis,0.50,,,,,4052509001329,,
4052509001367,Popieriaus maišelis,0.50,,,,,4052509001367,,
8717552025178,Poppy seeds GÜLCAN,0.95,200g,,,,8717552025178,,
8001250009999,"Potato dumplings ""Gnocchi"" DE CECCO",2.80,500g,,,,8001250009999,,
8717552025857,Potato spices GÜLCAN,2.90,250g,,,,8717552025857,,
4027394071207,Poultry sausage FULYA,7.99,800g,,,,4027394071207,,
4027394004090,Poultry sausages with cheese filling YAYLA,8.88,400g,"Visi YAYLA mėsos gaminiai yra sertifikuoti pagal Europos standartus. Halal sertifikatas taip pat užtikrinamas visiems YAYLA maisto produktams. Ypatingas dėmėsys ingredientų pasirinkimui, perdirbimui ir paruošimui yra pagrindinės priežastys, dėl kurių YAYLA produktai yra tokie skanūs.",,,4027394004090,,
8690906000116,Powdered sugar BASAK,0.90,200g,,,,8690906000116,,
8934746051168,Prawn Crackers (raw) SAGIANG,3.49,200g,,,,8934746051168,,
6917441123394,Prawn Crackers SKYBIRD,4.90,227g,,,,6917441123394,,
4027394002829,Premium cream yogurt - 14% fat YAYLA,3.99,950g,,,,4027394002829,,
4260678490428,Prieskoniai  Raugerðkio uogos vitatips,6.99,250g,,,,4260678490428,,
4772122015403,Prieskoniai Kharcho Sriubai,1.65,100g,,,,4772122015403,,
4772122010095,Prieskoniu Misinys Adzika,2.90,100g,,,,4772122010095,,
4772122011535,Prieskoniu Misinys Chmeli Suneli,2.99,100g,,,,4772122011535,,
4772122011108,Prieskoniu Misinys Grill Zuviai,2.90,100g,,,,4772122011108,,
4772122016301,Prieskoniu Misinys Grill Zuviai,1.75,100g,,,,4772122016301,,
4772122018381,Prieskoniu Misinys Kaukazo Saslykui,1.50,100g,,,,4772122018381,,
4772122011801,Prieskoniu Misinys Kaukazo Saslykui,0.75,100g,,,,4772122011801,,
4772122010446,Prieskoniu Misinys Mesos Marinavimui,2.00,100g,,,,4772122010446,,
4772122015380,Prieskoniu Misinys Paukstienai su Rukyta paprika,2.75,100g,,,,4772122015380,,
4772122011900,Prieskoniu Misinys Tzatziki,2.75,100g,,,,4772122011900,,
4772122011870,Prieskoniu misinys Karis SPAISVILE,1.20,50g,,,,4772122011870,,
4772122001116,"Prieskonių mišinys ""Velniukas"" 70g",3.60,60g,,,,4772122001116,,
201612,Prieskonių mišinys Argentina,0.75,50g,,Turkey,Prieskoniai,201612,,
201613,Prieskonių mišinys mėsai BBQ,1.40,50g,,Turkey,Prieskoniai,201613,,
201610,Prieskonių mišinys mėsai Gyros,0.75,50g,,Turkey,Prieskoniai,201610,,
4772122014536,Prieskonių mišinys plovui,1.40,50g,,,,4772122014536,,
8717552025574,Prieskonių mišinys plovui GÜLCAN,3.20,150g,,,,8717552025574,,
4772122015670,Prieskonių mišinys uzbekiškam plovui (kopija),2.90,80g,,,,4772122015670,,
201615,Prieskonių mišinys Çig Köfte,1.10,50g,,Turkey,Prieskoniai,201615,,
201614,Prieskonių mišinys Çig Köfte (kopija),1.10,50g,,Turkey,Prieskoniai,201614,,
8690906006798,Prieskonių mišinys Çig Köfte BASAK,2.60,100g,,,,8690906006798,,
4779030394460,Provanso Zoleles,2.25,100g,,,,4779030394460,,
5207460703150,Puff pastry buns with cheese KAPTANLAR,8.49,700g,,,,5207460703150,,
5207460703051,Puff pastry buns with potato filling KAPTANLAR,7.49,800g,,,,5207460703051,,
4779030397140,Pumpkin seeds,2.69,200g,,,,4779030397140,,
4260637866394,Pupmedžio melasa ALIBABA,7.90,800g,,,,4260637866394,,
8412258303901,Pupos GULCAN,1.99,540g,,,,8412258303901,,
8004905550020,Pyragai Tiramisu MIDI,3.99,280g,,,,8004905550020,,
8004905550273,Pyragai su pieno įdaru MIDI,3.99,280g,,,,8004905550273,,
4860006371230,Quince Jam,4.50,380g,,,,4860006371230,,
4760068002274,Quince jam BIZIM TARLA,4.65,400g,,,,4760068002274,,
8691573095542,Quince jam BURCU,2.50,380g,,,,8691573095542,,
4760068000232,Quince juice with slices BIZIM TARLA,4.75,1000ml,,,,4760068000232,,
4860006370080,Quince preserve,6.90,650g,,,,4860006370080,,
4779030396099,Quinoa,3.50,400g,,,,4779030396099,,
8691573072369,Quinoa BURCU,4.80,500g,,,,8691573072369,,
8717552045251,Quinoa GÜLCAN,1.95,225g,,,,8717552045251,,
8680618043242,RABBIT creeper 3-6 months. blue,21.00,1vnt.,,,,8680618043242,,
8680618043709,RABBIT set 24-36 months blue,25.00,1vnt.,,,,8680618043709,,
9044883,REDBULL  Apricot & Strawberry,1.89,330ml,,,,9044883,,
90448065,REDBULL  DragonFruit,1.89,330ml,,,,90448065,,
90446016,REDBULL  Watermelon,1.89,330ml,,,,90446016,,
90424090,REDBULL Original,1.89,330ml,,,,90424090,,
90424144,REDBULL Sugar Free,1.89,330ml,,,,90424144,,
6939945107472,Ramen Noodle DESLY,2.90,300g,,,,6939945107472,,
8720301101719,Ramen noodles GOLDEN TURTLE,3.99,375g,,,,8720301101719,,
8690637805202,Ranch sauce Calve 245g,3.50,300g,,,Padažai - pastos ir užtepėlės,8690637805202,,
4760018505053,Raspberry Jam BIZIM TARLA,3.90,400g,,Azerbaijan,,4760018505053,,
8691573095375,Raspberry jam BURCU,2.50,380g,,,,8691573095375,,
201604,Raudona paprika džiovinta granulėmis 1*3 mm ,1.75,50g,,Turkey,Prieskoniai,201604,,
4772122000140,Raudona paprika džiovinta granulėmis 1*3 mm 55g,1.99,500g,,,,4772122000140,,
4902663007531,Raudonas Misas HIKARI,6.99,400g,,,,4902663007531,,
8717703791402,Raudonosios Pupelės SERA,5.90,900g,,,,8717703791402,,
4260467593545,Raudonosios pupeles Yorem,5.90,,,,,4260467593545,,
4251354809825,Raudonosios pupelės GULCAN,1.99,570g,,,,4251354809825,,
8717552026250,Raudonėlis GULCAN 140g,4.09,500g,,,,8717552026250,,
4868046130701,Red Cherry Sauce (Medium Spicy) GRUZIJOS SKONIS,4.90,330g,,,Padažai - pastos ir užtepėlės,4868046130701,,
8690719106265,Red Fruits DOGUS,3.00,40g,,Turkey,Arbata - kava / Vaisinė arbata,8690719106265,,
4262396730558,Red Kidney Bean HUNKAR,6.49,1000g,,,,4262396730558,,
8691573089916,Red Lentils BURCU,3.49,1000g,,Turkey,,8691573089916,,
8691440710349,Red Lentils DURU,3.49,1000g,,Turkey,,8691440710349,,
4262396730206,Red Lentils HUNKAR,4.90,1000g,,,,4262396730206,,
8720301100477,Red Rice ROYAL TIGER,7.99,1000g,,,,8720301100477,,
4771459691984,Red Tea  ARIZONA,2.15,450ml,,,,4771459691984,,
8693354001162,Red Turnip Juice DOGANAY,3.75,1000ml,,Turkey,,8693354001162,,
8691573090493,Red beans BURCU,2.50,500g,,,,8691573090493,,
4251354800655,Red beans GULCAN,5.50,1000g,,,,4251354800655,,
4473810234,Red curry paste MAE PLOY,4.35,400g,,,Padažai - pastos ir užtepėlės / Padažai,4473810234,,
4008194343312,Red hot peppers ŠOFKO,3.10,330g,,,,4008194343312,,
4008194343329,Red hot peppers ŠOFKO,4.60,630g,,,,4008194343329,,
4027394008920,Red lentils FULYA,2.99,800g,,,,4027394008920,,
8410505483345,Red lentils GARRIDO,4.99,1100g,,,,8410505483345,,
4251354800129,Red lentils GÜLCAN,3.49,1000g,,Turkey,,4251354800129,,
4027394001327,Red lentils YAYLA,4.00,900g,,Turkey,,4027394001327,,
8680419600415,Red lentils YURTTAN,3.40,1000g,,,,8680419600415,,
4779030398635,Red pepper flakes,6.99,500g,,,,4779030398635,,
8801052435015,Red pepper paste GOCHUJANG,9.75,500g,,,Padažai - pastos ir užtepėlės,8801052435015,,
8693354005696,Red turnip juice DOGANAY,2.49,300ml,,,,8693354005696,,
8693234333284,Red turnip juice GULCAN,2.50,1000ml,,,,8693234333284,,
8690719102106,Redthorn tea DOĞUŞ,3.00,50g,,,,8690719102106,,
8690629219680,Revani mix DR. OETKER,4.90,500g,,,,8690629219680,,
8410769002849,Rice (Tosya Tipi Pirinç) GÜLCAN,4.90,1000g,,,,8410769002849,,
4251354810203,Rice BURCU,11.50,5000g,,,,4251354810203,,
4251354810180,Rice BURCU,2.50,1000g,,,,4251354810180,,
073575232275,Rice Flavoured Distilled Vinegar MIZKAN,7.90,500ml,,,,73575232275,,
8858744401728,Rice Vermicelli AJI,4.90,200g,,,,8858744401728,,
8690906000079,Rice flour BASAK,2.10,250g,,,,8690906000079,,
8936007910023,Rice paper,3.90,400g,,,,8936007910023,,
8410505610536,"Rice parboiled ,,Gariddo''",3.99,1000g,,,,8410505610536,,
8690906001502,Rice pudding dessert Sütlaç BAŞAK,1.70,155g,"Paruošimas: supilkite mišinį į 750ml pieno ir virkite ant vidutinės ugnies kol užvirs, užvirus nuimkite nuo ugnies ir šiek tiek atvėsus supilstykite į indelius. Patiekite šaltą.",,,8690906001502,,
8018416024109,Rice round (Tosya Tipi Pirinç),5.95,1000g,,,,8018416024109,,
4316734763675,Rice sticks,3.30,400g,,,,4316734763675,,
8852646053009,Rice vinegar THAI DANCER,2.49,300ml,,,,8852646053009,,
8852646137006,Rice vinegar THAI DANCER,5.90,700ml,,,,8852646137006,,
8720301100491,Riceberry Rice ROYAL TIGER,7.75,1000g,,,,8720301100491,,
8717973292760,"Riešutų, kepintų kukurūzų ir moliūgų sėklų mišinys Keyif ANATOLIA",4.20,200g,,,,8717973292760,,
8680618036282,"Rinkinys ,,Puokštė'' 3-6 mėn. (Organic)",41.10,1vnt.,,,,8680618036282,,
4260649141915,Roasted & Salted Cashew DERMANN,5.99,200g,,,Riešutai - sėklos ir užkandžiai,4260649141915,,
4260649141007,Roasted Chickpeas  DERMANN,3.00,200g,,,Riešutai - sėklos ir užkandžiai,4260649141007,,
4260649141014,Roasted Chickpeas  with Salt DERMANN,3.75,200g,,,Riešutai - sėklos ir užkandžiai,4260649141014,,
8690508600646,Roasted Eggplant TUKAS,4.95,650g,,,,8690508600646,,
4260649141205,Roasted Hazelnut DERMANN,5.59,170g,,,Riešutai - sėklos ir užkandžiai,4260649141205,,
4260649140055,Roasted Hazelnut NAZAR,5.99,400g,,,,4260649140055,,
4260649141403,Roasted Pistachio DERMANN,8.49,170g,,,Riešutai - sėklos ir užkandžiai,4260649141403,,
4262396736192,Roasted Pistachio HUNKAR,19.90,800g,,,,4262396736192,,
8690777221405,Roasted Red Peppers SERA,6.90,680g,,,,8690777221405,,
8699237142519,Roasted Salted Village Chickpeas FISTIKCI,7.00,500g,,,,8699237142519,,
4260649141076,Roasted Spicy Chickpeas DERMANN,3.99,200g,,,Riešutai - sėklos ir užkandžiai,4260649141076,,
4260649142158,Roasted Sunflower Seeds (salted) DERMANN ,3.49,170g,,,Riešutai - sėklos ir užkandžiai,4260649142158,,
4260649142165,Roasted Sunflower Seeds extra salted DERMANN,3.50,170g,,,Riešutai - sėklos ir užkandžiai,4260649142165,,
4027394005745,Roasted beef Kavurma YAYLA,9.99,200g,"Visi YAYLA mėsos gaminiai yra sertifikuoti pagal Europos standartus. Halal sertifikatas taip pat užtikrinamas visiems YAYLA maisto produktams. Ypatingas dėmėsys ingredientų pasirinkimui, perdirbimui ir paruošimui yra pagrindinės priežastys, dėl kurių YAYLA produktai yra tokie skanūs.",,,4027394005745,,
4260151110010,Roasted chestnuts TITIZ,3.95,125g,,Germany,,4260151110010,,
8717973290407,Roasted chickpeas ANATOLIA,2.15,200g,,,,8717973290407,,
8693641017142,Roasted chickpeas AVŞARLAR,1.99,200g,,,,8693641017142,,
8717973293507,Roasted corn with BBQ spices ANATOLIA,2.10,170g,,,,8717973293507,,
8717973290940,Roasted corn with spices ANATOLIA,2.10,170g,,,,8717973290940,,
8717973290704,Roasted crunchy chickpeas ANATOLIA,2.11,220g,,,,8717973290704,,
8717973290971,Roasted crunchy white chickpeas ANATOLIA,2.15,200g,,,,8717973290971,,
8691573026195,Roasted eggplant BURCU,2.40,400g,,,,8691573026195,,
8693891805100,"Roasted eggplant ONCU, 510 g.",4.50,400g,,,,8693891805100,,
8690777013468,Roasted pitted green olives SERA,8.99,650g,,,Alyvuogės / Žaliosios alyvuogės,8690777013468,,
8696801002590,Roasted red peppers CICEK,3.60,660g,,,,8696801002590,,
8693891806800,Roasted red peppers ONCU 400G,5.50,580ml,,,,8693891806800,,
8717973291084,Roasted salted almonds ANATOLIA,4.50,200g,,,,8717973291084,,
8717973291657,Roasted salted cashews ANATOLIA,5.49,200g,,,,8717973291657,,
8717973290780,Roasted salted chickpeas ANATOLIA,2.18,200g,,,,8717973290780,,
8717973290049,Roasted salted pumpkin seeds ANATOLIA,2.20,170g,,,,8717973290049,,
8717973293170,Roasted salted sunflower seeds ANATOLIA,1.90,250g,,,,8717973293170,,
8717973292012,Roasted salted sunflower seeds ANATOLIA,2.10,200g,,,,8717973292012,,
8717973293200,Roasted salted sunflower seeds ANATOLIA DAKOTA,2.30,170g,,,,8717973293200,,
8693641012390,Roasted salted sunflower seeds AVŞARLAR,1.99,180g,,,,8693641012390,,
4056546011259,Roasted sunflower seeds TADIM,1.99,150g,,,,4056546011259,,
8690787901045,Roasted sunflower seeds with Taco spices TADIM,2.50,190g,,,,8690787901045,,
8717973292029,Roasted sunflower seeds without salt ANATOLIA,1.80,200g,,,,8717973292029,,
8717973293194,Roasted sunflower seeds without salt ANATOLIA DAKOTA,2.25,170g,,,,8717973293194,,
8690508654212,Roaster Red Pepper TUKAS,5.95,680g,,,,8690508654212,,
5207460703013,Rolled puff pastry pie with cheese Tepsi Boregi KAPTANLAR,8.90,1000g,,,,5207460703013,,
5207460703020,Rolled puff pastry pie with cheese and spinach Tepsi Boregi KAPTANLAR,8.99,1000g,,,,5207460703020,,
5949093516201,Rose Jam GRANDE NATURA,4.00,470g,,,,5949093516201,,
4262396735249,Rose Jam HUNKAR,4.50,380g,,,,4262396735249,,
5411944363628,Rose Jam SEBAHAT,4.75,360g,,,,5411944363628,,
8690777400756,Rose Jam SERA,4.50,370g,,,,8690777400756,,
8691685018590,Rose aroma soap EYÜP SABRI TUNCER,4.75,500ml,,Turkey,Pramoninės prekės - higienos priemonės,8691685018590,,
8718951384316,Rose aroma soap HACI SAKIR,6.50,600g,,,Pramoninės prekės - higienos priemonės,8718951384316,,
8693495054508,Rose aroma soap HACI SAKIR,6.50,600g,,,Pramoninės prekės - higienos priemonės,8693495054508,,
8693641021200,Rose flavored lokum AVŞARLAR,3.30,350g,,,Saldumynai (chalva - lokumas - šokoladas - batonėliai),8693641021200,,
8691573095580,Rose jam BURCU,2.50,380g,,,,8691573095580,,
4251354810364,Rose jam GÜLCAN,2.50,380g,,,,4251354810364,,
4760018504667,Rose petal jam BIZIM TARLA,4.50,400g,,Azerbaijan,,4760018504667,,
4251354813778,Rose petal jam GULCAN,2.50,380g,,,,4251354813778,,
8697433610214,Rose soap ANATOLIAN DAPHNE,1.99,125g,,,Pramoninės prekės - higienos priemonės,8697433610214,,
5285001401352,Rose syrup CHTOURA GARDEN,4.40,600ml,,,Sirupai - džemai - uogienės - sezamo pasta,5285001401352,,
5285001401499,Rose water CHTOURA GARDEN,3.00,250ml,,,,5285001401499,,
5285001401482,Rose water CHTOURA GARDEN,4.00,500ml,,,,5285001401482,,
5412294000133,Rosehip flavored instant powder SARAY,3.00,200g,,,,5412294000133,,
5411944369408,Rosehips flavored drink granules SEBAHAT,4.50,220g,,,,5411944369408,,
8717552025055,Rosemary GÜLCAN,3.50,100g,,,,8717552025055,,
8691573012730,Rosted red peppers BURCU,5.55,560g,,,,8691573012730,,
5412294004674,Rožių skonio lokumas SARAY,3.50,400g,,,Saldumynai (chalva - lokumas - šokoladas - batonėliai),5412294004674,,
4260637865656,Rožių vanduo ALIBABA,4.90,400ml,,,,4260637865656,,
4779030391445,Rukyta Paprika Saldi Malta ASTA 160,1.99,50g,,,,4779030391445,,
4779030398338,Rukyta Paprika Saldi Malta ASTA 160,2.00,50g,,,,4779030398338,,
4262396735881,Ryzai HUNKAR,4.90,1000g,,,,4262396735881,,
6287005470289,Safawi Datules AL SHARQ DATES,14.90,500g,,,,6287005470289,,
201622,Safranas Malta,2.75,50g,,Turkey,Prieskoniai,201622,,
8697217008329,Sage Tea  LOKUMCUZADE,4.00,50g,,,Arbata - kava / Žolelių arbata,8697217008329,,
8690719102120,Sage tea in bags DOGUS,1.70,26g,,,Arbata - kava / Žolelių arbata,8690719102120,,
8683923629132,Saldainiai dantis žindukas  ELLO CANDY,0.75,32g,,,,8683923629132,,
6970738800521,Saldainiai žindukas su Aviečių ELLO CANDY ,2.75,32g,,,,6970738800521,,
8681812047388,Saldainiai žindukas su Aviečių OZIBOX ,1.90,32g,,,,8681812047388,,
8681812047586,Saldainiai žindukas su Cola OZIBOX,1.90,32g,,,,8681812047586,,
8683923629026,Saldainiai žindukas su Gervuogių ELLO CANDY,1.90,32g,,,,8683923629026,,
8681812047715,Saldainių obuolių čiulptukas OZIBOX,1.90,32g,,,,8681812047715,,
08766605302,Saldžiarūgštis padažas vištienai FLYING GOOSE BRAND,3.40,295ml,,,,8766605302,,
8710605027006,Saldžiarūgštis skonio Wok Padazas GO_TAN ,2.50,240ml,,,,8710605027006,,
8710819003902,Saldžiarūgštis čili padažas WENDJOE,3.90,700ml,,,,8710819003902,,
8690777422017,Saldžiavaisių pupmedžių sirupas SERA,7.49,340g,,,,8690777422017,,
5412294000072,Salep powder SARAY,4.65,300g,"Salep – tai saldus gėrimas, gaminamas salep miltelius sumaišant su pienu. Salep milteliai yra pagaminti iš sutirštintų miltų ir laukinių orchidėjų gumbų. Turkijoje laukinė orchidėja auga laukiniuose miškuose, pievose ir net pakelėse. Ši gėlė yra vienas iš pagrindinių „salep“ ingredientų. Nuėmus orchidėjų gumbus, jie nuplaunami, virinami, džiovinami ir sumalami į smulkius miltus, kurie suteikia gėrimui nepakartojamą žemišką skonį ir kreminę tekstūrą. Salep milteliai taip pat yra naudojami tokių desertų kaip pudingas ar turkiškų ledų gamyboje. Salep pieno gėrimą reikia gerti pašildytą, taip pat rekomenduojama gėrimą pašildžius apibarstyti cinamonu.",,,5412294000072,,
8032942644297,Salsa Harissa MUCHO GUSTO,6.90,510g,,,,8032942644297,,
8690504011736,Salted Cracker Sticks ULKER,1.49,220g,,,,8690504011736,,
4260649141021,Salted White Chickpeas DERMANN,3.90,200g,,,Riešutai - sėklos ir užkandžiai,4260649141021,,
8425408220416,Salted and Roasted corn CASAMAYOR,4.50,250g,,,,8425408220416,,
4771459691953,Saltos Juodos Arbatos Gerimas Citrinu skonio,1.99,450ml,,,,4771459691953,,
8850213107506,Salty fish sauce NAM PLA,5.20,700ml,,,Padažai - pastos ir užtepėlės,8850213107506,,
8710819006347,Sambal Oelek chili paste,1.60,200g,,,Padažai - pastos ir užtepėlės,8710819006347,,
5999885178049,Sambal Oelek hot sauce GALA,5.49,555g,,,Padažai - pastos ir užtepėlės,5999885178049,,
4260637865113,Sandvic Duona ALIBABA,0.99,250g,,,,4260637865113,,
8683417000690,Sarelle Hazelnut Dark Chocolate wafer,1.75,"33g_x000D_
",,,,8683417000690,,
8690777205122,Sauleje Dziovinti Pomidorai SERA,6.90,310g,,,,8690777205122,,
624779030396894,Saulėje džiovinti pomidorai,2.40,200g,,,,624779030396894,,
4779030396853,Saulėje džiovinti pomidorai 5*5 mm,3.00,200g,,,,4779030396853,,
4779030395955,Saulėje džiovinti pomidorai 5*5 mm,2.00,70g,,,,4779030395955,,
8690120128368,Sausainiai su karamelės kremu TORKU 300g,3.30,244g,,,,8690120128368,,
8690766109981,Sausainiai su kremu ULKER ,1.99,61g,,,,8690766109981,,
8690120047911,Sausainiai su šokolado kremu TORKU,2.75,244g,,,,8690120047911,,
8850030110628,Seafood Chilli Sauce Mix  LOBO,1.50,75g,,,Padažai - pastos ir užtepėlės,8850030110628,,
4779048350144,Seasoned Seaweed Laver DREIGSAS,2.50,15g,,,,4779048350144,,
4779030394095,Seasoning mix CHIMI CHURI without salt,2.10,60g,,,,4779030394095,,
4772122002298,Seasoning mix for meat (without salt),3.59,70g,"Vartojamas laukinienos, triušienos, kalakutienos, avienos gardinimui. Rekomenduojama naudoti 10-15g prieskonių 1kg žvėrienos.",,,4772122002298,,
4779030396754,Seasoning mixture for fish (without salt),2.65,70g,,,,4779030396754,,
2098765886692,Seaweed Snacks wasabi flavoured WELLDONE,2.50,12g,,,,2098765886692,,
2098765886685,Seaweed Snacks with sea salt WELLDONE ,2.40,12g,,,,2098765886685,,
8680618600087,Seilinukas,7.10,1vnt.,,,,8680618600087,,
8690906001991,Semolina BAŞAK,2.20,500g,,,,8690906001991,,
8005121002553,Semolina Pasta DIVELLA,1.00,500g,,,,8005121002553,,
4771459075333,Serveteles,3.50,,,,,4771459075333,,
4770598480084,Serveteles,2.50,,,,,4770598480084,,
4750298007118,Serveteles LENEK ,3.50,400pcs,,,,4750298007118,,
8690504018087,Sesame Crackers ULKER,1.49,40g,,,,8690504018087,,
2098765841370,Sesame EXTRA LINE,1.99,150g,,,,2098765841370,,
8690949000098,Sesame bar with hazelnuts KROKUAZ,1.35,80g,,,,8690949000098,,
4260157578555,Sesame halva with cocoa BURAM,5.50,350g,,,Saldumynai (chalva - lokumas - šokoladas - batonėliai),4260157578555,,
8681285002143,Sesame halva with pistachios ''Royal Family'',6.60,350g,,,Saldumynai (chalva - lokumas - šokoladas - batonėliai),8681285002143,,
4260157578562,Sesame halva with pistachios BURAM,6.76,350g,,,Saldumynai (chalva - lokumas - šokoladas - batonėliai),4260157578562,,
4260157578548,Sesame halva with vanilla BURAM,5.25,350g,,,Saldumynai (chalva - lokumas - šokoladas - batonėliai),4260157578548,,
4316734087818,Sesame oil DIAMOND,6.30,250ml,,,,4316734087818,,
8690661080415,Sesame paste (Tahini) GÜLCAN,6.99,600g,"Tahini galite naudoti kaip padažą. Jis puikiai tinka su daržovėmis, falafeliais, pita duona, pridėjus įvairių žolelių galite pasigaminti padažą salotoms, o tahini sumaišius su vynuogių ar kitokiu sirupu gausis natūrali „nutella“. Be to, sezamų pasta naudojama ir humuso bei kitų užtėpėlių gamybai.",,Sirupai - džemai - uogienės - sezamo pasta,8690661080415,,
8693638311338,Sesame paste (Tahini) SITOGLU,3.75,300g,,,Sirupai - džemai - uogienės - sezamo pasta,8693638311338,,
8693638906503,Sesame paste (Tahini) SITOGLU,6.99,600g,,,Sirupai - džemai - uogienės - sezamo pasta,8693638906503,,
8691573097232,Sesame paste (tahini) BURCU,3.90,300g,,,Sirupai - džemai - uogienės - sezamo pasta,8691573097232,,
8690949000012,Sesame seed bar KROKUAZ,0.79,40g,,,,8690949000012,,
8690949000029,Sesame seed bar TEMPO,1.35,60g,,,,8690949000029,,
8690949030019,Sesame seed bars 3pcs. KROKUAZ,1.99,120g,,,,8690949030019,,
4771459690697,Sesame-Wasabi-Mustar mix ,3.90,90g,,,,4771459690697,,
4251354813914,Sesampaste GULCAN,4.65,300g,,,Sirupai - džemai - uogienės - sezamo pasta,4251354813914,,
8717552025642,Seven spices blend GÜLCAN,3.64,170g,,,,8717552025642,,
4772122015427,Sezamo Seklos Baltos,1.75,100g,,,,4772122015427,,
4772122015434,Sezamo Seklos Juodos,2.90,100g,,,,4772122015434,,
4260637869999,Sezamo batonėlis ALIBABA,1.49,30g,,,,4260637869999,,
4262457391681,Sezamo batonėlis ALIBABA (kopija),2.45,70g,,,,4262457391681,,
4260637865038,Sezamo pasta ALIBABA,10.00,600g,,,,4260637865038,,
4260637866448,Sezamo pasta ALIBABA,6.65,300g,,,,4260637866448,,
8717973290421,Sezamo sėklos ANATOLIA,3.00,200g,,,,8717973290421,,
87175520255122,Sezamo sėklos GÜLCAN,3.70,200g,,,,87175520255122,,
8692981001408,Sezamų chalva su pistacijomis BURAM,6.76,350g,,,Saldumynai (chalva - lokumas - šokoladas - batonėliai),8692981001408,,
71817968487,Shampoo for body and hair OLIVANT,1.55,160g,,,Pramoninės prekės - higienos priemonės,71817968487,,
8717552025468,Shawarma spice mix GÜLCAN,1.99,250g,,,,8717552025468,,
4027394034707,Sheep Cheese YAYLA,3.95,150g,,,,4027394034707,,
4027394003406,Sheep Cheese in Brine %50 fat YAYLA,17.00,800g,,Netherlands,,4027394003406,,
4027394003390,Sheep cheese (50% fat) YAYLA,9.95,400g,,,,4027394003390,,
6922163618219,Shirataki Konjac Makaronai CITY AROMA,3.90,400g,,,,6922163618219,,
8680618042412,Short-sleeved bib MOO NEWBORN,10.00,1vnt.,,,,8680618042412,,
4779030395894,Sičuano pipirai 45g,4.09,60g,,,,4779030395894,,
4772122015632,Sičuano pipirai 45g (kopija),3.90,50g,,,,4772122015632,,
4056546351034,Skrudinti ir sūdyti anakardžiai 150g,6.09,200g,,,,4056546351034,,
8717973290827,Sliced almonds ANATOLIA,3.00,175g,,,,8717973290827,,
4027394005110,Sliced beef ham YAYLA,6.95,100g,"Visi YAYLA mėsos gaminiai yra sertifikuoti pagal Europos standartus. Halal sertifikatas taip pat užtikrinamas visiems YAYLA maisto produktams. Ypatingas dėmėsys ingredientų pasirinkimui, perdirbimui ir paruošimui yra pagrindinės priežastys, dėl kurių YAYLA produktai yra tokie skanūs.",,,4027394005110,,
8691573086366,Sliced jalapenos BURCU,2.99,570g,,,,8691573086366,,
8691573004117,Sliced tomatoes BURCU,4.99,560g,,,,8691573004117,,
4027394005233,Sliced turkey ham YAYLA,5.45,100g,"Visi YAYLA mėsos gaminiai yra sertifikuoti pagal Europos standartus. Halal sertifikatas taip pat užtikrinamas visiems YAYLA maisto produktams. Ypatingas dėmėsys ingredientų pasirinkimui, perdirbimui ir paruošimui yra pagrindinės priežastys, dėl kurių YAYLA produktai yra tokie skanūs.",,,4027394005233,,
4027394005189,Sliced turkey salami YAYLA,4.99,150g,"Visi YAYLA mėsos gaminiai yra sertifikuoti pagal Europos standartus. Halal sertifikatas taip pat užtikrinamas visiems YAYLA maisto produktams. Ypatingas dėmėsys ingredientų pasirinkimui, perdirbimui ir paruošimui yra pagrindinės priežastys, dėl kurių YAYLA produktai yra tokie skanūs.",,,4027394005189,,
4860108710197,Slyviu Uogiene NENA,3.90,,,,,4860108710197,,
4027394005035,Smoked beef salami with back pepper YAYLA,3.55,80g,"Visi YAYLA mėsos gaminiai yra sertifikuoti pagal Europos standartus. Halal sertifikatas taip pat užtikrinamas visiems YAYLA maisto produktams. Ypatingas dėmėsys ingredientų pasirinkimui, perdirbimui ir paruošimui yra pagrindinės priežastys, dėl kurių YAYLA produktai yra tokie skanūs.",,,4027394005035,,
4027394004328,Smoked poultry sausages YAYLA,6.50,400g,"Visi YAYLA mėsos gaminiai yra sertifikuoti pagal Europos standartus. Halal sertifikatas taip pat užtikrinamas visiems YAYLA maisto produktams. Ypatingas dėmėsys ingredientų pasirinkimui, perdirbimui ir paruošimui yra pagrindinės priežastys, dėl kurių YAYLA produktai yra tokie skanūs.",,,4027394004328,,
4779030396839,Smoked sweet pepper,10.99,500g,,,,4779030396839,,
8680618042900,Smėlinukas ilg. rankovėmis 2-3metams,25.10,1vnt.,,,,8680618042900,,
8680618009286,Smėlinukas ilg. rankovėmis 3-6mėn,13.10,1vnt.,,,,8680618009286,,
8680618038118,Smėlinukas ilg. rankovėmis 6-9mėn.,11.10,1vnt.,,,,8680618038118,,
8680618038064,Smėlinukas ilg. rankovėmis naujagimiui,10.10,1vnt.,,,,8680618038064,,
8680618038392,Smėlinukas ilg.rankovėmis 0-3mėn.,11.10,1vnt.,,,,8680618038392,,
8680618009217,Smėlinukas ilg.rankovėmis 3-6mėn.,13.10,1vnt.,,,,8680618009217,,
8680618043457,Smėlinukas trump. rankovėmis 0-3mėn.,11.60,1vnt.,,,,8680618043457,,
8680618007442,Smėlinukas trump. rankovėmis 3-6mėn.,13.10,1vnt.,,,,8680618007442,,
8680618038309,Smėlinukas trump. rankovėmis 3-6mėn.,10.10,1vnt.,,,,8680618038309,,
8680618037586,Smėlinukas trump. rankovėmis 3vnt.,27.10,1vnt.,,,,8680618037586,,
8680618037623,Smėlinukas trump. rankovėmis 3vnt.,27.10,1vnt.,,,,8680618037623,,
8680818042441,Smėlinukas trump. rankovėmis 6-9mėn.,10.10,1vnt.,,,,8680818042441,,
8680618009439,Smėlinukas trump. rankovėmis 6-9mėn.,13.10,1vnt.,,,,8680618009439,,
86807180441,Smėlinukas trump. rankovėmis 6-9mėn.,7.10,1vnt.,,,,86807180441,,
86807180417,Smėlinukas trump. rankovėmis 9-12mėn.,7.10,1vnt.,,,,86807180417,,
8680618037982,Smėlinukas trump. rankovėmis 9-12mėn.,10.10,1vnt.,,,,8680618037982,,
8680618036503,Smėlinuko ilg.rankovėmis ir skarelės komplektas 3-6mėn.,25.10,1vnt.,,,,8680618036503,,
6939945103368,Soba Noodles DIESLY,3.90,300g,,,,6939945103368,,
4260467596027,Soft Cow Cheese CHORIKOS,4.30,150g,,,,4260467596027,,
4027394003932,Soft Labne cheese YAYLA,2.20,200g,"Pieno produktai yra svarbiausios YAYLA produktų asortimento dalys, todėl jie yra perdirbami ir gaminami tik iš aukščiausios kokybės, pripažintų, sertifikuotų, ekologiškai tvarių Europos ūkių ingredientų. Gamyba vykdoma naudojant moderniausias technologijas, kurios atitinka reikalavimus energijos vartojimo efektyvumo, tvarumo ir kokybės atžvilgiu. Klientai gauna produktą, kuriuo gali mėgautis žinodami, jog jis buvo pagamintas atsakingai ir kokybiškai.",,,4027394003932,,
4027394002393,Soft cheese YAYLA,8.40,400g,"Tai minkštas sūris, trapios tekstūros, todėl tinka užbarstyti ant salotų. Skonis dažniausiai būna švelnus ir šiek tiek saldus. Dažnai patiekiamas su graikiniais riešutais ir sviestu ar apšlaksčius alyvuogių aliejumi kaip užkandis.",,,4027394002393,,
4027394003505,Soft cheese with cumin seeds YAYLA,12.95,500g,"Tai minkštas sūris, trapios tekstūros, todėl tinka užbarstyti ant salotų. Skonis dažniausiai būna švelnus ir šiek tiek saldus. Dažnai patiekiamas su graikiniais riešutais ir sviestu ar apšlaksčius alyvuogių aliejumi kaip užkandis.",,,4027394003505,,
4027394003710,"Sour Village Yoghurt (3,5% fat) YAYLA",1.99,1000g,"Pieno produktai yra svarbiausios YAYLA produktų asortimento dalys, todėl jie yra perdirbami ir gaminami tik iš aukščiausios kokybės, pripažintų, sertifikuotų, ekologiškai tvarių Europos ūkių ingredientų. Gamyba vykdoma naudojant moderniausias technologijas, kurios atitinka reikalavimus energijos vartojimo efektyvumo, tvarumo ir kokybės atžvilgiu. Klientai gauna produktą, kuriuo gali mėgautis žinodami, jog jis buvo pagamintas atsakingai ir kokybiškai.",,,4027394003710,,
8697890546439,Sour sumac SENAY,7.50,600g,,,,8697890546439,,
8720301107155,Soy sauce AYUKA,3.45,150ml,,,Padažai - pastos ir užtepėlės,8720301107155,,
6933362460011,Soy sauce CHAIN KWO,3.20,710g,,,Padažai - pastos ir užtepėlės,6933362460011,,
8715035110106,Soy sauce KIKKOMAN,3.90,150ml,,Japan,Padažai - pastos ir užtepėlės,8715035110106,,
8715035110502,Soy sauce KIKKOMAN,8.50,500ml,,,Padažai - pastos ir užtepėlės,8715035110502,,
49030010710,Soy sauce YAMASA,3.60,150ml,,,Padažai - pastos ir užtepėlės,49030010710,,
4903001017724,Soy sauce YAMASA,3.99,500ml,,,Padažai - pastos ir užtepėlės,4903001017724,,
8690576029011,Spaghetti ANKARA,0.75,500g,,Turkey,,8690576029011,,
8690576029004,"Spaghetti ANKARA,,Spagheti''",0.75,500g,,Turkey,,8690576029004,,
8001250120120,Spaghetti DE CECCO,1.90,500g,,,,8001250120120,,
8710819003353,Spanish garlic sauce GALA,3.50,525g,,,Padažai - pastos ir užtepėlės,8710819003353,,
8691381000592,Sparkling Mineral Water with Mango & Pineapple Flavour BEYPAZARI,1.29,200ml,,,,8691381000592,,
8692813002122,Sparkling Natural Mineral Water KIZILAY,1.25,200ml,,,,8692813002122,,
8692813003495,Sparkling Natural Mineral Water with Apple KIZILAY,1.49,200ml,,,,8692813003495,,
8692813005031,Sparkling Natural Mineral Water with Elderberry and strawberry Flavour KIZILAY +,1.49,200ml,,,,8692813005031,,
8692813003396,Sparkling Natural Mineral Water with Lemon Flavour KIZILAY,1.49,200ml,,,,8692813003396,,
8692813005406,Sparkling Natural Mineral Water with Mandarin KIZILAY,1.49,200ml,,,,8692813005406,,
8692813005017,Sparkling Natural Mineral Water with Mango & Pineapple Flavour KIZILAY,1.49,200ml,,,,8692813005017,,
8692813002023,Sparkling Natural Mineral Water with Pomegranate KIZILAY ,1.49,200ml,,,,8692813002023,,
8692813003945,Sparkling Natural Mineral Water with Watermelon & Strawberry KIZILAY,1.49,200ml,,,,8692813003945,,
8690525500028,Sparkling soft drink with apple flavour PINAR,0.75,200ml,,,,8690525500028,,
8691381000394,Sparkling soft drink with black mulberry currant flavor BEYPAZARI,0.88,200ml,,,,8691381000394,,
8691381000066,Sparkling soft drink with black strawberry flavor BEYPAZARI,0.87,200ml,,,,8691381000066,,
8690525500011,Sparkling soft drink with lemon flavour PINAR,0.75,200ml,,,,8690525500011,,
8691381000301,Sparkling soft drink with mandarin flavour BEYPAZARI,0.69,200ml,,,,8691381000301,,
8691381000424,Sparkling soft drink with pineapple and mango flavour BEYPAZARI,1.35,200ml,,,,8691381000424,,
8691381000219,Sparkling soft drink with pomegranate flavour BEYPAZARI,1.35,200ml,,,,8691381000219,,
8691381000660,Sparkling soft drink with strawberry flavour BEYPAZARI,0.79,200ml,,,,8691381000660,,
8690525500042,Sparkling soft drink with watermelon and strawberry flavour PINAR,0.75,200ml,,,,8690525500042,,
8717973293538,Spice Coated Corn ANATOLIA,3.25,170g,,,,8717973293538,,
8886390204523,Spice Paste for Japanese Miso Soup ASIAN HOME GOURMET,2.99,50g,,,,8886390204523,,
8886390200068,Spice Paste for Thai Tom Yum Soup ASIAN HOME GOURMET,2.99,50g,,,,8886390200068,,
4779030395399,Spice mix (for lamb),17.99,1000g,,,,4779030395399,,
4772122002267,Spice mix Cajun,3.99,,,,,4772122002267,,
4779030394088,Spice mix TZATZIKI without salt,2.99,50g,,,,4779030394088,,
4779030395191,Spice mix Za'Atar,2.99,50g,"„Za’atar“ dažnai naudojamas Viduriniųjų Rytų ir Viduržemio jūros regiono virtuvėje. Tai įvairių žolelių, sezamo sėklų, žagrenio ir druskos derinys. Za‘atar yra vienas unikaliausių ir geriausių prieskonių pasaulyje. Jame gausu drąsių skonių bei jo puiki tekstūra. Za‘atar mišiniu galima gardinti salotas, mėsa ar žuvį, bet jis taip pat tinka ir užbarstyti ant keptos kiaušinienės, pomidorų ar sumuštinio su avokadu.",,,4779030395191,,
6251014085147,Spice mix Za'Atar,5.99,500g,"„Za’atar“ dažnai naudojamas Viduriniųjų Rytų ir Viduržemio jūros regiono virtuvėje. Tai įvairių žolelių, sezamo sėklų, žagrenio ir druskos derinys. Za‘atar yra vienas unikaliausių ir geriausių prieskonių pasaulyje. Jame gausu drąsių skonių bei jo puiki tekstūra. Za‘atar mišiniu galima gardinti salotas, mėsa ar žuvį, bet jis taip pat tinka ir užbarstyti ant keptos kiaušinienės, pomidorų ar sumuštinio su avokadu.",,,6251014085147,,
6251014085215,Spice mix Za'Atar Shami,6.99,500g,,,,6251014085215,,
6253001090028,Spice mix Za'tar KASIH,3.99,225g,,,,6253001090028,,
4779030394057,Spice mix for Uzbek pilaf,3.55,80g,,,,4779030394057,,
4772122002304,Spice mix for beef Deco,3.55,70g,,,,4772122002304,,
4779030394040,Spice mix for lamb,2.49,60g,,,,4779030394040,,
8717552025819,Spice mix for lamb GÜLCAN,1.15,200g,,,,8717552025819,,
8717552029008,Spice mix for olives GÜLCAN,3.20,100g,,,Prieskoniai / Prieskonių mišiniai,8717552029008,,
4771459070598,Spice mixture adjika,5.85,90g,,,,4771459070598,,
4772122002328,Spices for marinating poultry without salt,3.10,100g,,,,4772122002328,,
4772122002335,Spices for mulled wine with cardamom,1.00,60g,,,,4772122002335,,
4772122002250,Spices for pizza,2.50,35g,"Šis mišinys vartojamas įvairioms užtepėlėms, mėsos įdarams, picoms.",,,4772122002250,,
4027394005752,Spicy Turkish spread Cemen YAYLA,2.90,250g,,,,4027394005752,,
60817105076,Spicy mango chutney SWAD,3.50,350g,,,,60817105076,,
8717552025420,Spicy pepper flakes GÜLCAN,3.95,180g,,,,8717552025420,,
8693354005689,Spicy red turnip juice DOGANAY,2.45,300ml,,,,8693354005689,,
8693354001223,Spicy red turnip juice DOGANAY,3.75,1000ml,,,,8693354001223,,
8693234333277,Spicy red turnip juice GÜLCAN,2.50,1000ml,,,,8693234333277,,
5034916040008,Spicy smoked chili and mustard sauce Chipotle HOT-HEADZ,5.00,227ml,"Garstyčios, raudonieji ""čipotle"" pipirai, dūminis skonis - tai dar vienas pasirinkimas aštresnių pojūčių mėgėjams. Vartojamos visur, kur naudojamos įprastos garstyčios, dešrainiams, mėsainiams, šaltai mėsai ar daržovėms pagardinti ir suteikti pikantiškumo. Aštrumo lygis: 4/5.",,Padažai - pastos ir užtepėlės,5034916040008,,
8852646014505,Spiracha Chilli Sauce Hot&Spicy THAI,7.90,450ml,,,Padažai - pastos ir užtepėlės,8852646014505,,
8691573090127,Split broad beans BURCU,6.90,1000g,,,,8691573090127,,
5017689064662,Split chickpeas (Toor Dal) TRS,2.50,500g,,,,5017689064662,,
5017689000165,Split chickpeas Chana Dal TRS,2.40,1000g,,,,5017689000165,,
8410505033137,Split green peas GARRIDO,2.99,1000g,,,,8410505033137,,
5017689045036,Split mung beans Mung Dal Chilka TRS,3.80,500g,,,,5017689045036,,
4260467594122,Spragesiai DESTAN,3.45,800g,,,,4260467594122,,
8690841016616,Sprayable lemon cologne BEBAK,3.50,150ml,,,,8690841016616,,
8690841016623,Sprayable lime cologne BEBAK,3.50,150ml,,,,8690841016623,,
42398745,Sprite,1.89,250ml,,,,42398745,,
8853662060026,Sriracha chili sauce BLACKOUT,10.00,455ml,,,Padažai - pastos ir užtepėlės,8853662060026,,
5012389672964,Sriracha chunky sauce ENCONA,2.99,142ml,,,Padažai - pastos ir užtepėlės,5012389672964,,
8853662056012,Sriracha hot sauce FG,9.49,455ml,,,Padažai - pastos ir užtepėlės,8853662056012,,
5999885178070,Sriracha hot sauce with extra garlic,7.99,595ml,,,Padažai - pastos ir užtepėlės,5999885178070,,
5999885178063,Sriracha hot sauce with garlic,7.49,500ml,,,Padažai - pastos ir užtepėlės,5999885178063,,
8853662057064,Sriracha hot sauce with wasabi FLYING GOOSE,9.00,455ml,,,Padažai - pastos ir užtepėlės,8853662057064,,
8853662056661,Sriracha mayo sauce FLYING GOOSE,7.99,455ml,,,Padažai - pastos ir užtepėlės,8853662056661,,
8853662060088,Sriracha sauce with black pepper FLYING GOOSE,8.09,455ml,,,Padažai - pastos ir užtepėlės,8853662060088,,
8853662060484,Sriracha sauce with kimchi,7.95,455ml,,,Padažai - pastos ir užtepėlės,8853662060484,,
5999885178056,Sriracha super hot chili sauce,5.90,585ml,,Hungary,Padažai - pastos ir užtepėlės,5999885178056,,
8853662056265,Sriracha with Kaffir lime leaves FG,5.99,455ml,,,,8853662056265,,
8680304618204,Stainless Steel Mini Turkish Tea Pot Set VIVIANA,35.00,,,,,8680304618204,,
8682450895218,Stainless Steel Turkish Tea Pot Set EDA,69.90,,,,,8682450895218,,
4262396735027,Stambus kvietines kruopos HUNKAR,5.75,1000g,,,,4262396735027,,
5017689738365,Star anise TRS,4.90,50g,,,,5017689738365,,
4860006370714,Stewed Quince (compote),5.00,1000ml,,,,4860006370714,,
4860006371117,Stewed cornel (compote),4.90,1000ml,,,,4860006371117,,
4860006371018,Stewed feijoa (compote),4.90,1000ml,,,,4860006371018,,
4860006371100,Stewed peach (compote),5.00,1000ml,,,,4860006371100,,
6281034903930,Strawberry & Banana Fruit Drink RANI,0.65,235ml,,,,6281034903930,,
8850389116937,Strawberry Fruit Flavored Drink MOGU MOGU,2.95,320ml,,,,8850389116937,,
5200348699927,Strawberry and chocolate marmalade,6.00,100g,,,,5200348699927,,
8690524055536,Strawberry flavored Gum FALIM,0.45,7g,,,,8690524055536,,
8690629444853,Strawberry flavored pudding DR.OETKER,1.20,120g,,,,8690629444853,,
8691216020795,Strawberry gummies HARIBO (Halal),1.50,80g,,,,8691216020795,,
4860006370967,Strawberry in light syrup (compote),5.00,1000ml,,,Sirupai - džemai - uogienės - sezamo pasta,4860006370967,,
4251354813761,Strawberry jam GULCAN,2.50,380g,,,,4251354813761,,
4251354810340,Strawberry jam GÜLCAN,2.50,380g,,,,4251354810340,,
4779024850132,Stretch Film 250m STARPAKAS,5.50,,,,,4779024850132,,
4779024851122,Stretch Film 250m STARPAKAS,6.50,,,,,4779024851122,,
8690777101233,Stuffed Eggplant SERA,4.50,300g,,,,8690777101233,,
8690508311313,Stuffed Vineleaves TUKAS,3.99,400g,,,,8690508311313,,
8691573024191,Stuffed cabbage leaves BURCU,3.11,400g,,,,8691573024191,,
8691573021190,Stuffed eggplant BURCU,2.50,400g,,,,8691573021190,,
8691573023194,Stuffed grape leaves BURCU,2.90,400g,,,,8691573023194,,
8691573161094,Stuffed grape leaves BURCU,2.09,200g,,,,8691573161094,,
8691573022197,Stuffed green pepper BURCU,2.70,400g,,,,8691573022197,,
5310354002281,Stuffed pepper BALKANETA,9.99,580ml,,,,5310354002281,,
5310354002076,Stuffed pepper BALKANETA,9.99,580ml,,,,5310354002076,,
5319990121608,Stuffed peppers in oil BEST FOOD,6.00,550g,,,,5319990121608,,
5310354002298,Stuffed yellow pepper BALKANETA,6.90,580ml,,,,5310354002298,,
8717973292944,Sugar coated chickpeas ANATOLIA,2.22,200g,,,,8717973292944,,
4779030399403,Sugared ginger pieces,5.35,200g,,,,4779030399403,,
8717973292050,Sultana raisins ANATOLIA,2.50,250g,,,Džiovinti vaisiai - daržovės,8717973292050,,
8717552026502,Sumac GÜLCAN,6.99,500g,,,,8717552026502,,
8717552023501,Sumac GÜLCAN,13.90,1000g,,,,8717552023501,,
8717552025505,Sumac GÜLCAN,3.70,180g,,,,8717552025505,,
8717552043509,Sumac seeds GÜLCAN,3.90,120g,,,,8717552043509,,
5283001109193,Sumak (Fine) ABIDO,3.50,50g,,,,5283001109193,,
8717703794342,Sumak MIRAS,7.90,250g,,,,8717703794342,,
8690661087865,Sumuštiniai sausainiai su kakavos ir lazdyno riešutų įdaru GESAS,3.25,300g,,,,8690661087865,,
4771459061183,Sun Dried Tomato ,3.49,100g,,,,4771459061183,,
8691573079115,Sun-dried tomatoes in oil BURCU,4.50,300g,,,,8691573079115,,
4262396735928,Sundried Apricot HUNKAR,11.49,400g,,,,4262396735928,,
5213010840916,Sundried tomatoes,7.60,190g,,,,5213010840916,,
4770148151655,Sunflower Oil  PERLA,2.20,1000ml,,,,4770148151655,,
4260766230509,Sunflower Seeds MIRAS,0.99,150g,,,,4260766230509,,
8690629201128,Supangle chocolate pudding DR.OETKER,1.60,143g,,,,8690629201128,,
8853662056067,Super Hot Chilli Sriracha Sauce FLYING GOOSE BRAND,8.90,455ml,,,Padažai - pastos ir užtepėlės,8853662056067,,
8853662056050,Super Hot Chilli Sriracha Sauce FLYING GOOSE BRAND,6.00,200ml,,,Padažai - pastos ir užtepėlės,8853662056050,,
8690949000760,Super mix nut bar TEMPO,1.75,40g,,,,8690949000760,,
6901069106334,Superior Soy Sauce HAIYIN BRIDGE,2.90,150ml,,,Padažai - pastos ir užtepėlės,6901069106334,,
6941521900520,Sushi Ginger ,1.49,200g,,,,6941521900520,,
8720301101665,Sushi Pink Ginger GOLDEN TURTLE,2.90,240g,,,,8720301101665,,
8717703626704,Sushi ginger GOLDEN TURTLE,4.50,1500g,,,,8717703626704,,
8720301100385,Sushi rice ROYAL TIGER,5.50,1000g,,,,8720301100385,,
201623,Svanu Druska,0.54,50g,,Turkey,Prieskoniai,201623,,
201627,Svanu Druska ,10.80,1000g,,Turkey,Prieskoniai,201627,,
8699580003475,Svarainių ir liepžiedžių arbata pakeliais (20vnt.) DOGADAN,3.30,32g,,,Arbata - kava / Žolelių arbata,8699580003475,,
4027394006056,Sviestas 82% riebumo YAYLA,6.99,200g,"Pieno produktai yra svarbiausios YAYLA produktų asortimento dalys, todėl jie yra perdirbami ir gaminami tik iš aukščiausios kokybės, pripažintų, sertifikuotų, ekologiškai tvarių Europos ūkių ingredientų. Gamyba vykdoma naudojant moderniausias technologijas, kurios atitinka reikalavimus energijos vartojimo efektyvumo, tvarumo ir kokybės atžvilgiu. Klientai gauna produktą, kuriuo gali mėgautis žinodami, jog jis buvo pagamintas atsakingai ir kokybiškai.",,,4027394006056,,
03384400006,Svogūnų milteliai BADIA,3.99,78g,,,,3384400006,,
5900259117564,Sweet Chilli Flavoured DORITOS,3.90,100g,,,,5900259117564,,
8853662004020,Sweet Chilli Sauce EXOTIC FOOD,6.90,870g,,,Padažai - pastos ir užtepėlės,8853662004020,,
8710819013932,Sweet Chilli Sauce WENOJOE,4.90,250ml,,,Padažai - pastos ir užtepėlės,8710819013932,,
5076118,Sweet chili sauce ENCONA,3.10,142ml,,,Padažai - pastos ir užtepėlės,5076118,,
60817105049,Sweet mango chutney SWAD,3.30,350g,,,,60817105049,,
6081710506,Sweet mango chutney SWAD,3.70,350g,,,,6081710506,,
4027394010008,Sweet paprika paste Yayla 370g,2.99,320g,,,,4027394010008,,
8717552021910,Sweet pepper flakes GÜLCAN,3.10,180g,,,,8717552021910,,
8699237142274,Sūdytos pistacijos Star Nut,7.00,200g,,,,8699237142274,,
8699237141482,Sūdytos pistacijos Star Nut 400g,9.60,200g,,,,8699237141482,,
4771096224170,TICHE Gazuotas,1.90,330ml,,,,4771096224170,,
4771096224095,TICHE Negazuotas,2.30,330ml,,,,4771096224095,,
608171075089,TIKKA MASALA SWAD,4.99,245ml,,,,608171075089,,
8711327628007,TWISTER Ledai Cosmixx,1.49,70ml,,,,8711327628007,,
8690504190554,Tac Crackers pack of 3 ULKER,2.90,228g,,Turkey,,8690504190554,,
8717973291831,Taco chips ANATOLIA,1.60,150g,,,,8717973291831,,
4262396736680,Taco flavored corn chips HUNKAR,3.90,250g,,,,4262396736680,,
86834170005600,Tadelle Dark Wafer,1.00,35g,,,,86834170005600,,
8690792018202,Tahin GULSAN,3.99,290g,,Turkey,Sirupai - džemai - uogienės - sezamo pasta,8690792018202,,
4262396735416,Tahini & Grape Molasses Set HUNKAR,9.49,700g,,,Sirupai - džemai - uogienės - sezamo pasta,4262396735416,,
8691573097188,Tahini BURCU,5.60,550g,,,Sirupai - džemai - uogienės - sezamo pasta,8691573097188,,
4262396735355,Tahini HUNKAR,9.00,600g,,,Sirupai - džemai - uogienės - sezamo pasta,4262396735355,,
4262396735348,Tahini HUNKAR,6.00,300g,,,Sirupai - džemai - uogienės - sezamo pasta,4262396735348,,
4262396735065,Tahini Halva HUNKAR,5.00,300g,,,Saldumynai (chalva - lokumas - šokoladas - batonėliai),4262396735065,,
8692594008337,Tahini Halva Pistachio TUNAS,7.99,450g,,,Saldumynai (chalva - lokumas - šokoladas - batonėliai),8692594008337,,
8692594006852,Tahini Halva TUNAS ,5.50,350g,,,Saldumynai (chalva - lokumas - šokoladas - batonėliai),8692594006852,,
8692594006869,Tahini Halva With Cocoa TUNAS,5.90,350g,,,Saldumynai (chalva - lokumas - šokoladas - batonėliai),8692594006869,,
8692594006876,Tahini Halva With Pistachio TUNAS,6.90,350g,,,Saldumynai (chalva - lokumas - šokoladas - batonėliai),8692594006876,,
4262457390851,Tahini Halva su Kakava KEYFS,3.50,300g,,,Saldumynai (chalva - lokumas - šokoladas - batonėliai),4262457390851,,
4260637868343,Tahini Halva su lazdyno riešutų ALIBABA,5.90,350g,,,Saldumynai (chalva - lokumas - šokoladas - batonėliai),4260637868343,,
4262396735072,Tahini Halva with Cocoa HUNKAR,4.00,300g,,,Saldumynai (chalva - lokumas - šokoladas - batonėliai),4262396735072,,
8692594008320,"Tahini Halva with Cocoa TUNAS_x000D_
",4.50,450g,,,Saldumynai (chalva - lokumas - šokoladas - batonėliai),8692594008320,,
4262396735089,Tahini Halva with Pistachio HUNKAR,5.90,300g,,,Saldumynai (chalva - lokumas - šokoladas - batonėliai),4262396735089,,
8692594008368,Tahini Halva with Pistachio TUNAS,8.49,450g,,,Saldumynai (chalva - lokumas - šokoladas - batonėliai),8692594008368,,
8692594008313,Tahini Halva with Vanilla Flavoured TUNAS,6.90,450g,,,Saldumynai (chalva - lokumas - šokoladas - batonėliai),8692594008313,,
5411944363987,Tahini SEBAHAT,9.00,550g,,,Sirupai - džemai - uogienės - sezamo pasta,5411944363987,,
8692594002014,Tahini TUNAS,5.95,300g,,,Sirupai - džemai - uogienės - sezamo pasta,8692594002014,,
8692594006654,Tahini TUNAS,9.00,600g,,,Sirupai - džemai - uogienės - sezamo pasta,8692594006654,,
8852646114007,Tamarin Paste,5.00,400g,,,,8852646114007,,
71622110500,Tamarind jam PHILIPPINE,3.99,300g,,,,71622110500,,
8852646014352,Tamarind paste 435ml,5.50,430g,,,,8852646014352,,
8852646022500,Tamarind paste THAI DANCER,3.59,250ml,,,,8852646022500,,
4262396730282,Tamsios Kvietines Kruopos HUNKAR,4.90,1000g,,,,4262396730282,,
4027394001181,Tandoori Lavash YAYLA,2.65,400g,,,,4027394001181,,
8852646444548,Tapioca pearls THAI DANCER,2.80,454g,,,,8852646444548,,
8690516500013,Tarhana soup mixture PIYALE,0.75,65g,,,,8690516500013,,
8710605030938,Tasty Fried Onion GO TAN,4.90,100g,,,,8710605030938,,
4770477227922,Tauras Gira,1.49,500ml,,,,4770477227922,,
8692952145131,Tea Glass & Plate Set +Gift Sugar Bowl LAV,30.00,12pcs,,,,8692952145131,,
8692952190742,Tea Glass & Plate Set LAV ,29.90,12pcs,,,,8692952190742,,
8692952000157,Tea Glass LAV,5.50,,,,,8692952000157,,
8718403925968,Tea cup and plate set BRICARD,16.90,12vnt.,,,,8718403925968,,
6213042471057,Tea from the common cold CHAMAIN,2.70,36g,,,,6213042471057,,
8692952079320,Tea glass plates LAV,3.75,6vnt.,,,,8692952079320,,
8693357366909,Tea glass plates PAŞABAHÇE,5.50,6vnt.,,,,8693357366909,,
680678075229,Tea glasses Ince Belli PAŞABAHÇE,7.50,6vnt.,,,,680678075229,,
8693357009165,Tea glasses Sylvana PAŞABAHÇE,5.50,6vnt.,,,,8693357009165,,
8850030110468,Tempura Batter Mix LOBO,2.40,150g,,,,8850030110468,,
4772122002342,Tempura Oriental Frumen,3.00,500g,,,,4772122002342,,
4772122002359,Tempura Oriental Frumen,1.75,100g,,,,4772122002359,,
5903707849833,Teriyaki Sauce ASIA KITCHEN,4.90,150ml,,,Padažai - pastos ir užtepėlės,5903707849833,,
8850030171513,Teriyaki Sauce Mix  LOBO,3.45,50g,,,Padažai - pastos ir užtepėlės,8850030171513,,
8852646502002,Teriyaki mayo padažas THAI DANCER,4.60,250ml,,,,8852646502002,,
4902856453121,Teriyaki sauce (marinated Soy) MORITA,3.49,185g,,,Padažai - pastos ir užtepėlės,4902856453121,,
4260193512131,Teslos lakstai YOREM,5.50,360g,,,,4260193512131,,
8717703795226,Tešlos lapai baklavai MIRAS,5.70,480g,,,,8717703795226,,
8710819003346,Thai garlic sauce GALA,3.49,520g,,,Padažai - pastos ir užtepėlės,8710819003346,,
4027394003499,Threaded cheese Çeçil YAYLA,8.70,250g,"Çeçil siūlinis sūris yra pagamintas iš pasterizuoto karvės pieno, nėra labai riebus. Jo skonis sūrus, savo konsistencija Çeçil primena mocarelą arba plėšomą sūrį.",,,4027394003499,,
4027394003789,Threaded cheese Çeçil YAYLA,11.95,400g,"Çeçil siūlinis sūris yra pagamintas iš pasterizuoto karvės pieno, nėra labai riebus. Jo skonis sūrus, savo konsistencija Çeçil primena mocarelą arba plėšomą sūrį.",,,4027394003789,,
8691460000307,Threaded halva with vanilla and cocoa IPEK,4.50,170g,,,Saldumynai (chalva - lokumas - šokoladas - batonėliai),8691460000307,,
8720387052059,Three-colored couscous SENS MAROC,11.50,900g,,,,8720387052059,,
4260361831392,Thyme FRUTLITA,9.00,500g,,,,4260361831392,,
8717552025260,Thyme GÜLCAN,2.40,70g,,,,8717552025260,,
4262396732354,Thyme HUNKAR,4.20,30g,,,,4262396732354,,
8697407197383,Tirpi anansų skonio arbata OTTOMAN,4.00,250g,,,Arbata - kava / Vaisinė arbata,8697407197383,,
5412294000089,Tirpi arbata su cinamonu SARAY,3.75,200g,,,,5412294000089,,
5412294000096,Tirpi liepžiedžių arbata SARAY,3.65,200g,,,,5412294000096,,
8697407197505,Tirpi obuolių arbata OTTOMAN,3.60,250g,,,Arbata - kava / Vaisinė arbata,8697407197505,,
86974071944366,Tirpi obuolių arbata OTTOMAN,4.79,300g,,,Arbata - kava / Vaisinė arbata,86974071944366,,
8680168003147,Tiulio sijono ir plaukų puošmenos komplektas 0-2metams,9.09,1vnt.,,,,8680168003147,,
4607016312835,Tkemali BBQ sauce KINTO,3.50,300g,,,Padažai - pastos ir užtepėlės,4607016312835,,
20243135,Toffee & Nuts MISTER CHOC,2.99,125g,,,,20243135,,
8690530204492,Toilet Paper SELPAK,4.75,250g,,,,8690530204492,,
8850030190590,Tom Ka paste LOBO,6.49,400g,,,,8850030190590,,
8858744800040,Tom Kha Paste KANOKWAN,1.30,50g,,,,8858744800040,,
8853662044705,Tom Yum Paste FLYING GOOSE BRAND,2.50,195g,,,,8853662044705,,
8850030190606,Tom Yum Paste LOBO,4.85,400g,,,,8850030190606,,
4770569915386,Tomato Juice GRANINI,1.89,250ml,,,,4770569915386,,
8691573033308,Tomato Paste BURCU,2.90,320g,,Turkey,,8691573033308,,
8693891195843,Tomato Paste ONCU,5.45,6.00,,Turkey,,8693891195843,,
4868046130657,Tomato Sauce (Spicy) GRUZIJOS SKONIS,2.90,330g,,,Padažai - pastos ir užtepėlės,4868046130657,,
8410416501503,Tomato Sauce IAN,10.00,4000g,,,Padažai - pastos ir užtepėlės,8410416501503,,
8001060020894,Tomato and chili sauce SACLA,3.50,420g,,,Padažai - pastos ir užtepėlės,8001060020894,,
8001060020917,Tomato and garlic sauce SACLA,3.45,420g,,,Padažai - pastos ir užtepėlės,8001060020917,,
4027394010046,Tomato and paprika paste YAYLA,3.99,600g,,,,4027394010046,,
8691573004995,Tomato and pepper paste BURCU,4.50,600g,,,,8691573004995,,
869389119609,Tomato and pepper paste ÖNCÜ,9.50,700g,,,,869389119609,,
8691573071690,Tomato juice BURCU 700g,3.33,700g,,,,8691573071690,,
8691573001260,Tomato paste BURCU,7.50,600g,,Turkey,,8691573001260,,
8691573003165,Tomato paste BURCU,6.80,1600g,,,,8691573003165,,
8691573001192,Tomato paste without salt BURCU,3.00,410g,,Turkey,,8691573001192,,
8691573001215,Tomato paste without salt BURCU,2.00,200g,,Turkey,,8691573001215,,
8693891196093,Tomato paste ÖNCÜ,9.50,700g,,,,8693891196093,,
8691573181238,Tomato sauce BURCU,1.99,700g,,,Padažai - pastos ir užtepėlės,8691573181238,,
5901549802009,Tortilijos 18vnt TURKO,6.90,1080g,,,,5901549802009,,
5904405407370,Tortilijos ALIBABA,7.90,,,,,5904405407370,,
4760062103533,Tradicinė Azerbaidžano arbata AZERÇAY,8.00,100g,,,,4760062103533,,
8690529520497,Traditional white soap DALAN,3.50,600g,,,Pramoninės prekės - higienos priemonės,8690529520497,,
8680618036213,Treninginės kelnės 18-24mėn,8.10,1vnt.,,,,8680618036213,,
8680618036015,Treninginės kelnės naujagimiui,8.10,1vnt.,,,,8680618036015,,
8717703795066,Triangle Pastry Leaves MIRAS,5.30,360g,,,,8717703795066,,
8690629440930,Trilece dessert mixture DR.OETKER,3.70,315g,,,,8690629440930,,
8690629441777,Trilece with blackberry sauce DR. OETKER,3.99,315g,,,Padažai - pastos ir užtepėlės,8690629441777,,
8683923629019,Triušis-Saldainiai žindukas su vaisiais OZIBOX,1.49,32g,,,,8683923629019,,
4779051660278,Tropical Punch Flavour PRIME,0.99,500ml,,,,4779051660278,,
8852646131509,Tropinis mangostano ir cili padazas THAI DANCER,3.50,150ml,,,,8852646131509,,
8001876048549,Truffle Flavored Olive Oil COLAVITA,6.95,250ml,,Italy,Actas - aliejus / Aliejus,8001876048549,,
8033993044845,Truffle Hot Chilli Sauce TARTUFL,7.90,100ml,,,Padažai - pastos ir užtepėlės,8033993044845,,
8036217,Truffle pesto SACLA,3.90,90g,,,,8036217,,
6191529000733,Tunisia Date SALAMMKO,5.49,500g,,,,6191529000733,,
6191529000498,Tunisia Date SALAMMKO,4.49,500g,,,,6191529000498,,
6191529000313,Tunisia Date SALAMMKO,7.50,,,,,6191529000313,,
6191529000351,Tunisia Dates  SALAMMKO,2.99,400g,,,,6191529000351,,
6191529000078,Tunisia Dates  SALAMMKO,1.50,200g,,,,6191529000078,,
6191529000092,Tunisia Dates  SALAMMKO,1.99,200g,,,,6191529000092,,
6191529000573,Tunisia Dates  SALAMMKO,2.99,400g,,,,6191529000573,,
6191529000481,Tunisia Datules LPDS,6.90,1000g,,,,6191529000481,,
4260467591718,Turkey Salami DESTAN,3.99,400g,,,,4260467591718,,
4027394007275,Turkey sausage FULYA,3.99,400g,,,,4027394007275,,
8690394212015,Turkish Coffe Machine FAKIR,110.00,,,,Pramoninės prekės - higienos priemonės / Pramoninės prekės,8690394212015,,
8718403938531,Turkish Coffee & Espresso Set BRICARD,59.99,12pcs,,,Pramoninės prekės - higienos priemonės / Pramoninės prekės,8718403938531,,
8718403938524,Turkish Coffee & Espresso Set BRICARD ,55.99,12pcs,,,Pramoninės prekės - higienos priemonės / Pramoninės prekės,8718403938524,,
8718403938517,Turkish Coffee Cup BRICARD,9.90,12pcs,,,Pramoninės prekės - higienos priemonės / Pramoninės prekės,8718403938517,,
8697217841216,Turkish Cotton Candy Pomegranate Flavoured USAS,4.00,220g,,,,8697217841216,,
8697217084132,Turkish Cotton Candy USAS,3.10,220g,,,,8697217084132,,
8697217841223,Turkish Cotton Candy Watermelon Flavoured USAS,3.50,220g,,,,8697217841223,,
8697217083722,Turkish Cotton Candy With Chocolate Cover USAS,5.50,250g,,,,8697217083722,,
8697217083715,Turkish Cotton Candy with Pistachio USAS,5.00,250g,,,,8697217083715,,
8697217084125,Turkish Cotton Candy with Pistachio USAS,4.90,220g,,,,8697217084125,,
8697217083708,Turkish Cotton Candy with Vanilla USAS,4.00,250g,,,,8697217083708,,
8693641090374,Turkish Delight Mix AVSARLAR,8.99,500g,,Turkey,Saldumynai (chalva - lokumas - šokoladas - batonėliai),8693641090374,,
8693641090206,Turkish Delight Mix AVSARLAR ,7.90,600g,,Turkey,Saldumynai (chalva - lokumas - šokoladas - batonėliai),8693641090206,,
8693641090381,Turkish Delight Mix AVSARLAR ,10.00,500g,,Turkey,Saldumynai (chalva - lokumas - šokoladas - batonėliai),8693641090381,,
8693641090428,Turkish Delight Mix AVSARLAR ,10.00,600g,,Turkey,Saldumynai (chalva - lokumas - šokoladas - batonėliai),8693641090428,,
8693641080153,Turkish Delight Special Mix AVSARLAR,8.90,350g,,Turkey,Saldumynai (chalva - lokumas - šokoladas - batonėliai),8693641080153,,
5411944364946,Turkish Delight With Caramel Flavour and Pistachios SEBAHAT,8.00,320g,,Turkey,Saldumynai (chalva - lokumas - šokoladas - batonėliai),5411944364946,,
5411944100902,Turkish Delight With Carrot and Pistachios SEBAHAT,7.90,300g,,Turkey,Saldumynai (chalva - lokumas - šokoladas - batonėliai),5411944100902,,
5411944364960,Turkish Delight With Chocolate Flavour and Hazelnuts SEBAHAT,5.90,300g,,Turkey,Saldumynai (chalva - lokumas - šokoladas - batonėliai),5411944364960,,
5411944105600,Turkish Delight With Lemon SEBAHAT ,6.99,320g,,Turkey,Saldumynai (chalva - lokumas - šokoladas - batonėliai),5411944105600,,
5411944105235,Turkish Delight With Pistachio PERAM,8.80,360g,,,Saldumynai (chalva - lokumas - šokoladas - batonėliai),5411944105235,,
8697217002044,Turkish Delight With Pistachio USAS,8.50,350g,,,Saldumynai (chalva - lokumas - šokoladas - batonėliai),8697217002044,,
8697217002051,Turkish Delight with Hazelnut USAS,7.50,350g,,Turkey,Saldumynai (chalva - lokumas - šokoladas - batonėliai),8697217002051,,
8697217004246,Turkish Delight with Nuts & Pistachio and Pomegranate flavored DERMANN,9.00,300g,,,Saldumynai (chalva - lokumas - šokoladas - batonėliai),8697217004246,,
8697217001924,Turkish Delight with Pistachio & Hazelnut & Walnut USAS,2.90,350g,,Turkey,Saldumynai (chalva - lokumas - šokoladas - batonėliai),8697217001924,,
8697217001979,Turkish Delight with Pistachio USAS,8.90,350g,,Turkey,Saldumynai (chalva - lokumas - šokoladas - batonėliai),8697217001979,,
8697217002105,Turkish Delight with Rose & Lemon USAS,7.50,350g,,Turkey,Saldumynai (chalva - lokumas - šokoladas - batonėliai),8697217002105,,
8697217002013,Turkish Delight with Rose USAS ,6.50,350g,,Turkey,Saldumynai (chalva - lokumas - šokoladas - batonėliai),8697217002013,,
8697217002068,Turkish Delight with Walnuts USAS,8.00,350g,,,Saldumynai (chalva - lokumas - šokoladas - batonėliai),8697217002068,,
8697217001917,Turkish Delight with double Pistachio and Pomegranate USAS,3.90,350g,,,Saldumynai (chalva - lokumas - šokoladas - batonėliai),8697217001917,,
8682631802066,Turkish Dibek Coffe KAHYA,6.90,250g,,,Arbata - kava / Kava,8682631802066,,
8691837010007,Turkish Manti with soya filling HASTEL,2.40,250g,"Paruošimas: pakuotės turinį suberti į 800ml verdančio vandens, virti 10-15 minučių kelis kartus pamaišant.",,,8691837010007,,
8691837099903,Turkish Manti with soya filling HASTEL,4.65,500g,"Paruošimas: pakuotės turinį suberti į 1000ml verdančio vandens, virti 10-15 minučių kelis kartus pamaišant.",,,8691837099903,,
8682631802028,Turkish Menengic coffee KAHYA,6.50,200g,,,Arbata - kava / Kava,8682631802028,,
4262396736239,Turkish Tortillini -manti HUNKAR,5.99,500g,,,,4262396736239,,
8690719112969,Turkish black tea Gurme DOĞUŞ,9.50,500g,,,Arbata - kava / Juodoji arbata,8690719112969,,
8690719100799,Turkish black tea Tiryaki DOĞUŞ,6.75,500g,"„Tiryaki“ turkiškai reiškia aistrą, ir būtent jos šioje arbatoje gausu. Aukšta kokybė, ypatingas skonis ir neprilygstamas aromatas daro šią arbatą išskirtine. Be priedų ir pesticidų, ši arbata apibūdina turkų svetingumą ir meilę arbatai.",,Arbata - kava / Juodoji arbata,8690719100799,,
8690719111078,Turkish black tea with bergamot DOĞUŞ,8.90,500g,,,Arbata - kava / Juodoji arbata,8690719111078,,
8682033159003,Turkish coffee PALA EFENDI,2.99,100g,,,Arbata - kava / Kava,8682033159003,,
8697436553259,Turkish dessert Kemal Pasha CILOLGU,2.60,150g,,,,8697436553259,,
8710819003391,Turkish garlic sauce GALA,5.49,520g,,,Padažai - pastos ir užtepėlės,8710819003391,,
8690627023401,Turkish ground coffee KURUKAHVECI,9.95,250g,"Paruošimas: Šaltame vandenyje gerai ir kruopščiai išmaišoma ir ištirpinima kava (1 - 2 arbatiniai šaukšteliai puodeliui) ir pageidajaumas cukraus kiekis. Kava pradedama virti ant labai mažos ugnies. Maišyti negalima, užvirti nereikia. Tik pakilus putai, kavą supilti į tradicinį turkišką kavos puodelį ir kava paruošta.",,Arbata - kava / Kava,8690627023401,,
8690627121206,Turkish ground coffee KURUKAHVECI,4.50,100g,"Paruošimas: Šaltame vandenyje gerai ir kruopščiai išmaišoma ir ištirpinima kava (1 - 2 arbatiniai šaukšteliai puodeliui) ir pageidajaumas cukraus kiekis. Kava pradedama virti ant labai mažos ugnies. Maišyti negalima, užvirti nereikia. Tik pakilus putai, kavą supilti į tradicinį turkišką kavos puodelį ir kava paruošta.",Turkey,Arbata - kava / Kava,8690627121206,,
8690629310493,Turkish pudding DR. OETKER,0.75,129g,,Turkey,,8690629310493,,
8690629229658,Turkish pudding DR. OETKER,0.99,139g,,Turkey,,8690629229658,,
8690906001601,Turkish pudding dessert BAŞAK,2.50,200g,"Paruošimas: supilkite mišinį į 750ml pieno ir virkite ant vidutinės ugnies kol užvirs, užvirus nuimkite nuo ugnies ir šiek tiek atvėsus supilstykite į indelius. Patiekite šaltą.",,,8690906001601,,
8699580000047,Turkish sage tea DOGADAN,3.00,26g,,,Arbata - kava / Žolelių arbata,8699580000047,,
8690629229887,Turkish semolina dessert DR.OETKER,1.60,162g,,,,8690629229887,,
8697436521241,Turkish sugar threads with pistachios CILOGLU,6.50,250g,,,,8697436521241,,
4772122010583,Turkiskas Septyniu Prieskoniu Misinys,3.49,100g,,,,4772122010583,,
86301006,Turkiski kavos Rinkinis AYTEK,79.90,,,,,86301006,,
86301004,Turkiski kavos dzezva AYTEK,19.90,,,,,86301004,,
86301005,Turkiski kavos padeklas AYTEK,25.50,,,,,86301005,,
86301003,Turkiski kavos puodeliu AYTEK,17.25,,,,,86301003,,
8681925066344,Turkiski riestainiai su sezamo seklos SIMIT 4vnt,6.90,420g,,,,8681925066344,,
4031759645057,Turkiška pica (lahmacun) BEYNUR,9.90,330g,,,,4031759645057,,
8693641021248,Turkiškas delight with lemon SEBAHAT,6.50,350g,,Turkey,Saldumynai (chalva - lokumas - šokoladas - batonėliai),8693641021248,,
4262457391902,Turkiškas malonumas tarp mini sausainių ALIBABA,2.99,200g,,,,4262457391902,,
4772122002205,Turkiškas septynių prieskonių mišinys,3.55,80g,,,,4772122002205,,
8697217001887,Turkiškas skanėstas su lazdynai ir granatais USAS,5.90,350g,,,,8697217001887,,
4262457391759,Turkiškas skanėstas tarp mini sausainių ALIBABA,2.50,220g,,,,4262457391759,,
4262457391742,Turkiškas skanėstas tarp mini sausainių ALIBABA ,2.50,220g,,,,4262457391742,,
4262457391896,Turkiškas skanėstas tarp pirštų sausainių ALIBABA,3.50,320g,,,,4262457391896,,
4262457391704,Turkiškas skanėstas tarp sausainių KEYFS,0.60,30g,,,,4262457391704,,
4262457391735,Turkiškas skanėstas tarp sausainių KEYFS ,0.60,30g,,,,4262457391735,,
4262457391728,Turkiškas skanėstas tarp sausainių KEYFS ,0.60,30g,,,,4262457391728,,
4262457391711,Turkiškas skanėstas tarp sausainių KEYFS  (kopija),0.60,30g,,,,4262457391711,,
4740056080910,Turkiški dumplingai su jautienos įdaru,6.90,600g,,,,4740056080910,,
4260637862914,"Turkiški lokumai su abrikosais, žemės riešutais ir migdolais ALIBABA",3.95,300g,,,Saldumynai (chalva - lokumas - šokoladas - batonėliai),4260637862914,,
4260637861108,"Turkiški lokumai su abrikosais, žemės riešutais ir migdolais KEYFS",7.00,300g,,,Saldumynai (chalva - lokumas - šokoladas - batonėliai),4260637861108,,
4260637861207,Turkiški lokumai su datulių pasta ir žemės riešutų KEYFS,7.49,300g,,,Saldumynai (chalva - lokumas - šokoladas - batonėliai),4260637861207,,
4260637861085,Turkiški lokumai su datulių pasta ir žemės riešutų KEYFS (kopija),7.90,300g,,,Saldumynai (chalva - lokumas - šokoladas - batonėliai),4260637861085,,
4260637861146,Turkiški lokumai su granatais ir pistacijomis KEYFS,9.50,300g,,,Saldumynai (chalva - lokumas - šokoladas - batonėliai),4260637861146,,
4260637861214,Turkiški lokumai su granatais ir pistacijomis KEYFS (kopija),3.50,300g,,,Saldumynai (chalva - lokumas - šokoladas - batonėliai),4260637861214,,
4260637862952,Turkiški lokumai su granatais ir žemės riešutais ALIBABA,4.90,300g,,,Saldumynai (chalva - lokumas - šokoladas - batonėliai),4260637862952,,
4260637862938,Turkiški lokumai su granatais ir žemės riešutais ALIBABA,8.90,300g,,,Saldumynai (chalva - lokumas - šokoladas - batonėliai),4260637862938,,
4260637861122,Turkiški lokumai su granatais ir žemės riešutais KEYFS,9.90,300g,,,Saldumynai (chalva - lokumas - šokoladas - batonėliai),4260637861122,,
4260637861160,Turkiški lokumai su juodųjų gervuogių uogomis KEYFS,5.90,300g,,,Saldumynai (chalva - lokumas - šokoladas - batonėliai),4260637861160,,
4260637861115,"Turkiški lokumai su morkomis, žemės riešutais ir kokosais KEYFS",3.95,300g,,,Saldumynai (chalva - lokumas - šokoladas - batonėliai),4260637861115,,
4260637862921,"Turkiški lokumai su morkomis, žemės riešutais ir kokosų riešutais ALIBABA",4.00,300g,,,Saldumynai (chalva - lokumas - šokoladas - batonėliai),4260637862921,,
4260637862945,Turkiški lokumai su rožių ALIBABA,6.90,300g,,,Saldumynai (chalva - lokumas - šokoladas - batonėliai),4260637862945,,
4260637861139,Turkiški lokumai su rožių KEYFS,6.50,300g,,,Saldumynai (chalva - lokumas - šokoladas - batonėliai),4260637861139,,
4260637863027,"Turkiški lokumai su rožių, citrinų, apelsinų ir mėtų ALIBABA",7.00,300g,,,Saldumynai (chalva - lokumas - šokoladas - batonėliai),4260637863027,,
4260637861153,"Turkiški lokumai su sezamu, kokosais ir žemės riešutais KEYFS",6.90,300g,,,Saldumynai (chalva - lokumas - šokoladas - batonėliai),4260637861153,,
4260637861177,Turkiški lokumai su tropiniais vaisiais KEYFS,6.49,300g,,,Saldumynai (chalva - lokumas - šokoladas - batonėliai),4260637861177,,
4260637862976,"Turkiški lokumai su vaisiais, kokosais ir žemės riešutais ALIBABA",7.90,300g,,,Saldumynai (chalva - lokumas - šokoladas - batonėliai),4260637862976,,
4260637862907,"Turkiški lokumai su vaisiais, žemės riešutais ir kokosais ALIBABA",5.90,300g,,,Saldumynai (chalva - lokumas - šokoladas - batonėliai),4260637862907,,
4260637863003,Turkiški lokumai su vanile ALIBABA,4.99,300g,,,Saldumynai (chalva - lokumas - šokoladas - batonėliai),4260637863003,,
4260637861191,Turkiški lokumai su vanile KEYFS,3.85,300g,,,Saldumynai (chalva - lokumas - šokoladas - batonėliai),4260637861191,,
4260637862891,"Turkiški lokumai su vanile, medumi, pienu, riešutais ir kokosais ALIBABA",8.90,300g,,,Saldumynai (chalva - lokumas - šokoladas - batonėliai),4260637862891,,
4260637861092,"Turkiški lokumai su vanilės, medaus, pieno, žemės riešutų ir kokosų KEYFS",4.90,300g,,,Saldumynai (chalva - lokumas - šokoladas - batonėliai),4260637861092,,
4260637862884,Turkiški lokumai su vynuogių ir žemės riešutų ALIBABA,7.50,300g,,,Saldumynai (chalva - lokumas - šokoladas - batonėliai),4260637862884,,
4260637861078,Turkiški lokumai su vynuogėmis ir žemės riešutais KEYFS,6.90,300g,,,Saldumynai (chalva - lokumas - šokoladas - batonėliai),4260637861078,,
4779030394316,Turmeric,6.50,500g,,,,4779030394316,,
8717552025628,Turmeric GÜLCAN,4.95,200g,,,,8717552025628,,
5017689001841,Turmeric TRS,6.99,400g,,,,5017689001841,,
4779030390257,Turmeric ground,8.90,1000g,,,,4779030390257,,
86928458,ULUDAG Sparkling soda ,1.99,250ml,,,,86928458,,
86931960,ULUDAG Sparkling soda with orange,1.99,250ml,,,,86931960,,
8690723162301,ULUDAG gaivusis gazuotas gerimas,1.50,,,,,8690723162301,,
6939945103375,Udon Noodle DESLY,2.90,300g,,,,6939945103375,,
8690504020639,Ulker Extra Dark chocolate,1.75,45g,,Turkey,,8690504020639,,
8690504020608,Ulker Extra Milk chocolate,1.75,45g,,Turkey,,8690504020608,,
8690504136521,Ulker White Chocolate Wafer,1.00,35g,,,,8690504136521,,
4771459070673,Uzbek Pilaf Spices  IATS,6.90,90g,,,,4771459070673,,
4770405228205,VYTAUTAS Gazuotas,1.90,330ml,,,,4770405228205,,
8711200562718,Valgomieji ledai `Choco Fudge Brownie ` BEN&JERRY'S,2.49,100ml,,,,8711200562718,,
8711200564149,Valgomieji ledai `Cookie Dough` BEN&JERRY'S,2.49,100ml,,,,8711200564149,,
8717973293316,Vanilla flavored lokum ANATOLIA,2.80,250g,,,Saldumynai (chalva - lokumas - šokoladas - batonėliai),8717973293316,,
8690629444914,Vanilla pudding DR. OETKER,1.30,120g,,,,8690629444914,,
8690906000840,Vanilla pudding dessert BAŞAK,1.40,130g,"Paruošimas: supilkite mišinį į 750ml pieno ir virkite ant vidutinės ugnies kol užvirs, užvirus nuimkite nuo ugnies ir šiek tiek atvėsus supilstykite į indelius. Patiekite šaltą.",,,8690906000840,,
4779030395931,Vanilla sugar,1.89,150g,,,,4779030395931,,
8690906401258,Vanillin Sugar BASAK,1.00,25g,,Turkey,,8690906401258,,
4260467596294,Vegan Bulgur Balls In Flatbread OZYOREM,4.90,176g,,,,4260467596294,,
8001060024649,Vegan basil pesto SACLA,3.60,190g,,,,8001060024649,,
5900012003332,Vegetable Oil FLORIOL,11.49,5000ml,,,,5900012003332,,
0004,Vegetables & Fruits,1.00,,,,,4,,
6210244871203,Vegetables in mango marinade DURRA,3.99,600g,,,,6210244871203,,
4804888804554,Vegetariškas austrĳų padažas MAMA SITA'S,4.40,405g,,,,4804888804554,,
8690576029813,Vermicelli ANKARA,0.75,500g,,,,8690576029813,,
4772122010965,Viduržemio jūros prieskonių mišinys,2.90,60g,,,,4772122010965,,
4772122002243,Viduržemio jūros prieskonių mišinys 55g,3.65,60g,,,,4772122002243,,
4251354801843,Vidutinio stambumo bulgur kruopos GÜLCAN,1.99,1000g,,,,4251354801843,,
8690120081397,Viso grūdo kviečių šokoladiniai sausainiai su kakavos kremu TORKU,3.05,244g,,,,8690120081397,,
8690120081410,Viso grūdo sausainiai su pienišku kremu TORKU 249g,3.30,244g,,,,8690120081410,,
4779031861312,Vitaminai D3 4000IU su alyvuogių aliejumi „Healthy Choice” 120 kapsulių,47.00,130g,,,Sveikatos produktai,4779031861312,,
4262396736079,Vynuogių Actas HUNKAR,3.90,500ml,,,,4262396736079,,
8690777017374,Vynuogių pasta su graikiniais riešutais ir rožių skonio SERA,6.90,300g,,,,8690777017374,,
4260637866424,Vynuogių sirupas ALIBABA,5.90,800g,,,,4260637866424,,
4770405227093,Vytautas Gazuotas ,0.90,500ml,,,,4770405227093,,
5411944369422,Vyšnių skonio gėrimo granulės SEBAHAT,4.49,220g,,,,5411944369422,,
4771459071908,WAVE,0.90,500ml,,,,4771459071908,,
8710605028492,WOK Noodles GO_TAN,5.90,250g,,,,8710605028492,,
8690846,Waffle with fig and nut filling TEMPO,1.30,40g,,,,8690846,,
8690120060392,Waffles with hazelnut cream TORKU NO1,2.50,175g,,,,8690120060392,,
4760018504773,Walnut Jam BIZIM TARLA,5.60,400g,,,,4760018504773,,
4868046132279,Walnut Jam GRUZIJOS SKONIS,5.90,300g,,,,4868046132279,,
8697681696190,Walnut vinegar SENAY,3.90,500ml,,,,8697681696190,,
8717973290032,Walnuts ANATOLIA,6.00,180g,,,,8717973290032,,
8693641006344,Walnuts in grape syrup AVŞARLAR,1.80,100g,,,Saldumynai (chalva - lokumas - šokoladas - batonėliai) / Batonėliai - sausainiai,8693641006344,,
4250129559279,Walnuts in grape syrup FEYZA,1.55,70g,,,Saldumynai (chalva - lokumas - šokoladas - batonėliai) / Batonėliai - sausainiai,4250129559279,,
5412294120350,Walnuts in grape syrup SARAY,6.50,400g,,,Saldumynai (chalva - lokumas - šokoladas - batonėliai) / Batonėliai - sausainiai,5412294120350,,
8683148850229,Walnuts in grape syrup SIRECIZADE,2.00,80g,,,Saldumynai (chalva - lokumas - šokoladas - batonėliai) / Batonėliai - sausainiai,8683148850229,,
6922276100083,Wasabi J&K,2.49,43g,,,,6922276100083,,
6926202200083,Wasabi paste JH FOODS,0.99,43g,,,,6926202200083,,
4779052060190,Watermelon BONSU,2.10,330ml,,,,4779052060190,,
61300876548,Watermelon Fruit Cocktail ARIZONA,2.85,500ml,,,,61300876548,,
4868046132262,Watermelon Jam GRUZIJOS SKONIS,5.95,300g,,,,4868046132262,,
8690524165235,Watermelon flavored chewing gum FIRST,0.99,27g,,,,8690524165235,,
4260667061110,Watermelon flavored iced tea 4BRO,1.50,500ml,,,,4260667061110,,
7622210393081,Watermelon flavoured gum FALIM,0.45,7g,,,,7622210393081,,
8691216082250,Watermelon gummies HARIBO (Halal),1.50,80g,,,,8691216082250,,
4860006370127,Watermelon preserve,2.50,650g,,,,4860006370127,,
4770119207220,Wheat Flour  550D,2.30,2000g,,,,4770119207220,,
8588006568967,Wheat Flour Wraps TORTILLA,2.49,240g,,Poland,,8588006568967,,
8717552027691,Wheat Starch GULCAN,2.00,400g,,,,8717552027691,,
8693730020886,Wheat Tortilla Wraps OZ YUFKA,5.00,400g,,,,8693730020886,,
4251871702388,Wheat Tortilla Wraps YOREM,5.00,400g,,,,4251871702388,,
4262396730527,Wheat for Ashura HUNKAR,4.00,1000g,,,,4262396730527,,
8690906000413,Wheat starch BAŞAK,1.00,200g,"Naudokite ruošiant pudingus, pieno desertus, sausainius ar kitus kepinius bei desertus.",,,8690906000413,,
8717552027684,Wheat starch GÜLCAN,2.50,800g,,,,8717552027684,,
8690547150546,Wheat starch KENTON,1.00,200g,,,,8690547150546,,
8718226583666,Wheat tortillas 25cm (16pcs.) BURCU,6.30,925g,,,,8718226583666,,
4779031860025,Whey protein HEALTHY CHOICE,128.40,2000g,,,Sveikatos produktai,4779031860025,,
8690629229634,Whipped cream mixture DR.OETKER,1.65,75g,,,,8690629229634,,
8690629229405,Whipped cream mixture DR.OETKER,4.80,300g,,,,8690629229405,,
8690629152000,Whipped cream mixture DR.OETKER 150g.,3.80,75g,,,,8690629152000,,
4027394001310,White Beans YAYLA,3.90,900g,,Turkey,,4027394001310,,
5285001403585,White Big Beans CHTOURA,8.00,900g,,,,5285001403585,,
4262396730466,White Big Beans HUNKAR,6.95,1000g,,,,4262396730466,,
4760018504735,White Cherry Jam BIZIM TARLA,4.90,400g,,,,4760018504735,,
8690504116196,White Chocolate Lemon Cheescake Biscuits SAKLIKOY,2.20,100g,,,,8690504116196,,
8690504116189,White Chocolate Raspberry Cheescake Biscuits SAKLIKOY,2.20,100g,,,,8690504116189,,
8683417000539,White Chocolate Wafer TADELLE,1.00,35g,,,,8683417000539,,
8690504186618,White Chocolate coated cookies with marshmallow HALLEY,3.25,240g,,Turkey,,8690504186618,,
4892773231202,White Rice Vinegar AMOY,3.99,150ml,,,,4892773231202,,
2098765702978,White Sugar EXTRA LINE,1.50,1000g,,,,2098765702978,,
4771459691939,White Tea With Blueberry ARIZONA,2.40,450ml,,,,4771459691939,,
4027394003604,White cheese Böreklik Kombi YAYLA,6.80,800g,"Pieno produktai yra svarbiausios YAYLA produktų asortimento dalys, todėl jie yra perdirbami ir gaminami tik iš aukščiausios kokybės, pripažintų, sertifikuotų, ekologiškai tvarių Europos ūkių ingredientų. Gamyba vykdoma naudojant moderniausias technologijas, kurios atitinka reikalavimus energijos vartojimo efektyvumo, tvarumo ir kokybės atžvilgiu. Klientai gauna produktą, kuriuo gali mėgautis žinodami, jog jis buvo pagamintas atsakingai ir kokybiškai.",Netherlands,,4027394003604,,
4027394003208,White cheese in brine (40% fat) YAYLA,9.75,500g,,,,4027394003208,,
4860006370981,White cherry in light syrup (compote),5.00,1000ml,,,Sirupai - džemai - uogienės - sezamo pasta,4860006370981,,
4860006370516,White cherry preserve,6.90,650g,,,,4860006370516,,
7422256772754,White chocolate Covered Dates TOMOOR,6.95,150g,,,,7422256772754,,
4027394003338,White cow's cheese (45% fat) YAYLA,5.90,400g,"Pieno produktai yra svarbiausios YAYLA produktų asortimento dalys, todėl jie yra perdirbami ir gaminami tik iš aukščiausios kokybės, pripažintų, sertifikuotų, ekologiškai tvarių Europos ūkių ingredientų. Gamyba vykdoma naudojant moderniausias technologijas, kurios atitinka reikalavimus energijos vartojimo efektyvumo, tvarumo ir kokybės atžvilgiu. Klientai gauna produktą, kuriuo gali mėgautis žinodami, jog jis buvo pagamintas atsakingai ir kokybiškai.",,,4027394003338,,
4027394032604,White cow's cheese (45% fat) YAYLA,12.00,800g,"Pieno produktai yra svarbiausios YAYLA produktų asortimento dalys, todėl jie yra perdirbami ir gaminami tik iš aukščiausios kokybės, pripažintų, sertifikuotų, ekologiškai tvarių Europos ūkių ingredientų. Gamyba vykdoma naudojant moderniausias technologijas, kurios atitinka reikalavimus energijos vartojimo efektyvumo, tvarumo ir kokybės atžvilgiu. Klientai gauna produktą, kuriuo gali mėgautis žinodami, jog jis buvo pagamintas atsakingai ir kokybiškai.",,,4027394032604,,
4027394032406,White cow's cheese (55% fat) YAYLA,12.95,800g,"Pieno produktai yra svarbiausios YAYLA produktų asortimento dalys, todėl jie yra perdirbami ir gaminami tik iš aukščiausios kokybės, pripažintų, sertifikuotų, ekologiškai tvarių Europos ūkių ingredientų. Gamyba vykdoma naudojant moderniausias technologijas, kurios atitinka reikalavimus energijos vartojimo efektyvumo, tvarumo ir kokybės atžvilgiu. Klientai gauna produktą, kuriuo gali mėgautis žinodami, jog jis buvo pagamintas atsakingai ir kokybiškai.",,,4027394032406,,
4027394032505,White cow's cheese (60% fat) YAYLA,12.90,800g,"Pieno produktai yra svarbiausios YAYLA produktų asortimento dalys, todėl jie yra perdirbami ir gaminami tik iš aukščiausios kokybės, pripažintų, sertifikuotų, ekologiškai tvarių Europos ūkių ingredientų. Gamyba vykdoma naudojant moderniausias technologijas, kurios atitinka reikalavimus energijos vartojimo efektyvumo, tvarumo ir kokybės atžvilgiu. Klientai gauna produktą, kuriuo gali mėgautis žinodami, jog jis buvo pagamintas atsakingai ir kokybiškai.",Netherlands,,4027394032505,,
4027394003345,White cow's cheese (60% fat) YAYLA,7.25,400g,"Pieno produktai yra svarbiausios YAYLA produktų asortimento dalys, todėl jie yra perdirbami ir gaminami tik iš aukščiausios kokybės, pripažintų, sertifikuotų, ekologiškai tvarių Europos ūkių ingredientų. Gamyba vykdoma naudojant moderniausias technologijas, kurios atitinka reikalavimus energijos vartojimo efektyvumo, tvarumo ir kokybės atžvilgiu. Klientai gauna produktą, kuriuo gali mėgautis žinodami, jog jis buvo pagamintas atsakingai ir kokybiškai.",,,4027394003345,,
4027394003772,White cow's cheese in brine Akkawi Peyniri YAYLA,8.95,400g,"Pieno produktai yra svarbiausios YAYLA produktų asortimento dalys, todėl jie yra perdirbami ir gaminami tik iš aukščiausios kokybės, pripažintų, sertifikuotų, ekologiškai tvarių Europos ūkių ingredientų. Gamyba vykdoma naudojant moderniausias technologijas, kurios atitinka reikalavimus energijos vartojimo efektyvumo, tvarumo ir kokybės atžvilgiu. Klientai gauna produktą, kuriuo gali mėgautis žinodami, jog jis buvo pagamintas atsakingai ir kokybiškai.",,,4027394003772,,
4027394003888,White cow's cheese in brine Labne Peyniri YAYLA,4.49,425g,"Tai minkštas, kreminės tekstūros sūris, gali būti naudojamas kaip kreminis sūris tepti ant duonos, o Labneh sūrio rutuliukai kaip mocarela įdėdant į salotas. Jo skonis šiek tiek primena jogurtą. O minkštas Labneh sūris taip pat gali būti naudojamas ir desertuose, bei kepiniuose.",,,4027394003888,,
4779030397553,White sesame seeds,2.99,250g,,,,4779030397553,,
8588009477006,Whole Wheat Wraps TORTILLA,1.99,240g,,Poland,,8588009477006,,
8690120060576,Whole grain biscuits TORKU,3.99,393g,,,,8690120060576,,
8691440305149,Wholegrain  fine Bulgur DURU,3.00,1000g,,,,8691440305149,,
8001250310347,"Wholemeal durum wheat semolina pasta ""Fusilli"" DE CECCO",3.60,500g,,,,8001250310347,,
4760062102550,Wild berry flavored black tea AZERCAY,3.00,45g,,,Arbata - kava / Juodoji arbata,4760062102550,,
9000100865760,Window Cleaner CLIN,4.80,500ml,,,,9000100865760,,
7311312002075,With Fine Pieces Taco Sauce SANTA MARIA,2.49,230g,,,Padažai - pastos ir užtepėlės,7311312002075,,
8710605027020,Wok Padazas sojos sezamo skonio GO_TAN,6.49,240ml,,,,8710605027020,,
8710605027037,Wok Padazas su čili ir česnakais GO_TAN ,3.00,240ml,,,,8710605027037,,
8710605027013,Wok Teriyaki Padazas GO_TAN,6.00,240ml,,,,8710605027013,,
4003879220018,Worcestershire sauce ZEISNER,3.30,140ml,,,Padažai - pastos ir užtepėlės,4003879220018,,
8691573007323,Ybiškės BURCU,2.50,550g,,,,8691573007323,,
4262396730015,Yellow Jumbo Dried Grapes HUNKAR,7.99,400g,,,,4262396730015,,
8717973290223,Yellow Jumbo Raisins ANATOLIA,4.44,250g,,,Džiovinti vaisiai - daržovės,8717973290223,,
4262396730534,Yellow Lentils HUNKAR,5.00,1000g,,,,4262396730534,,
4251871700872,Yellow Lentils YOREM,5.00,1000g,,,,4251871700872,,
4473810238,Yellow curry paste MAE PLOY,4.35,400g,,,,4473810238,,
4779030395856,Yellow mustard grains,2.49,120g,,,,4779030395856,,
4251354801492,Yellow peeled wheat GULCAN,4.50,1000g,,,,4251354801492,,
8717973290865,Yellow raisins ANATOLIA,2.50,250g,,,Džiovinti vaisiai - daržovės,8717973290865,,
4027394003130,Yoghurt (10% fat) YAYLA,1.99,500g,"Pieno produktai yra svarbiausios YAYLA produktų asortimento dalys, todėl jie yra perdirbami ir gaminami tik iš aukščiausios kokybės, pripažintų, sertifikuotų, ekologiškai tvarių Europos ūkių ingredientų. Gamyba vykdoma naudojant moderniausias technologijas, kurios atitinka reikalavimus energijos vartojimo efektyvumo, tvarumo ir kokybės atžvilgiu. Klientai gauna produktą, kuriuo gali mėgautis žinodami, jog jis buvo pagamintas atsakingai ir kokybiškai.",,,4027394003130,,
4027394003161,Yoghurt (10% fat) YAYLA,5.50,1000g,"Pieno produktai yra svarbiausios YAYLA produktų asortimento dalys, todėl jie yra perdirbami ir gaminami tik iš aukščiausios kokybės, pripažintų, sertifikuotų, ekologiškai tvarių Europos ūkių ingredientų. Gamyba vykdoma naudojant moderniausias technologijas, kurios atitinka reikalavimus energijos vartojimo efektyvumo, tvarumo ir kokybės atžvilgiu. Klientai gauna produktą, kuriuo gali mėgautis žinodami, jog jis buvo pagamintas atsakingai ir kokybiškai.",,,4027394003161,,
4027394003000,"Yoghurt (3,5% fat) YAYLA",2.50,500g,"Pieno produktai yra svarbiausios YAYLA produktų asortimento dalys, todėl jie yra perdirbami ir gaminami tik iš aukščiausios kokybės, pripažintų, sertifikuotų, ekologiškai tvarių Europos ūkių ingredientų. Gamyba vykdoma naudojant moderniausias technologijas, kurios atitinka reikalavimus energijos vartojimo efektyvumo, tvarumo ir kokybės atžvilgiu. Klientai gauna produktą, kuriuo gali mėgautis žinodami, jog jis buvo pagamintas atsakingai ir kokybiškai.",,,4027394003000,,
4027394003017,"Yoghurt (3,5% fat) YAYLA",2.90,1000g,"Pieno produktai yra svarbiausios YAYLA produktų asortimento dalys, todėl jie yra perdirbami ir gaminami tik iš aukščiausios kokybės, pripažintų, sertifikuotų, ekologiškai tvarių Europos ūkių ingredientų. Gamyba vykdoma naudojant moderniausias technologijas, kurios atitinka reikalavimus energijos vartojimo efektyvumo, tvarumo ir kokybės atžvilgiu. Klientai gauna produktą, kuriuo gali mėgautis žinodami, jog jis buvo pagamintas atsakingai ir kokybiškai.",,,4027394003017,,
4251871707307,Yogurt 3.5% fat YOREM,2.90,1000g,,,,4251871707307,,
4027394002836,Yogurt 6% fat YAYLA,3.55,1000g,,,,4027394002836,,
4027394003109,Yogurt Premium YAYLA,3.95,600g,"Pieno produktai yra svarbiausios YAYLA produktų asortimento dalys, todėl jie yra perdirbami ir gaminami tik iš aukščiausios kokybės, pripažintų, sertifikuotų, ekologiškai tvarių Europos ūkių ingredientų. Gamyba vykdoma naudojant moderniausias technologijas, kurios atitinka reikalavimus energijos vartojimo efektyvumo, tvarumo ir kokybės atžvilgiu. Klientai gauna produktą, kuriuo gali mėgautis žinodami, jog jis buvo pagamintas atsakingai ir kokybiškai.",,,4027394003109,,
8717552011997,Za'Atar Spice mix GÜLCAN,3.75,110g,"„Za’atar“ dažnai naudojamas Viduriniųjų Rytų ir Viduržemio jūros regiono virtuvėje. Tai įvairių žolelių, sezamo sėklų, žagrenio ir druskos derinys. Za‘atar yra vienas unikaliausių ir geriausių prieskonių pasaulyje. Jame gausu drąsių skonių bei jo puiki tekstūra. Za‘atar mišiniu galima gardinti salotas, mėsa ar žuvį, bet jis taip pat tinka ir užbarstyti ant keptos kiaušinienės, pomidorų ar sumuštinio su avokadu.",,,8717552011997,,
4772122009624,Zagrenio uogos Maltos,5.49,100g,,,,4772122009624,,
56456142145841325,\DENEME URUNU,1.00,,,,,56456142145841325,,
4260637867988,`Cig Kofte` prieskonių mišinys ALIBABA,2.50,90g,,,,4260637867988,,
4260637867940,`Cig Kofte` rinkinys be mėsos ALIBABA,2.90,500g,,,,4260637867940,,
4260637867957,`Cig Kofte` rinkinys su mėsa ALIBABA,2.99,500g,,,,4260637867957,,
4260637868060,`Emirdag` mėsos kukulių prieskonių mišinys ALIBABA,2.49,80g,,,,4260637868060,,
8690777014151,`Imam Bayildi` Eggplant with diced vegetables SERA,5.99,300g,,,,8690777014151,,
4260467595235,`KANGAL` Calf sausage with garlic and spices SOHBET,8.99,450g,,,,4260467595235,,
4260637868053,`inegol` mėsos kukulių prieskonių mišinys ALIBABA,2.49,90g,,,,4260637868053,,
4260747970813,abu youssef basmani 4.5,21.00,,,,,4260747970813,,
9506687432925,ada cayi,5.50,,,,,9506687432925,,
4860121750934,adzika gurmaniskai,2.40,,,,,4860121750934,,
4860121750903,adzika su graik res,2.45,,,,,4860121750903,,
4860121750927,adzika su vysnio,1.99,,,,,4860121750927,,
4860109330103,akacija medus,3.90,,,,,4860109330103,,
4262457396761,ali baba baklava,4.95,200g,,Turkey,,4262457396761,,
4262457395771,ali baba cevizli kelebek,5.50,300g,,Turkey,,4262457395771,,
4260637869791,ali baba elmaaromali,4.50,250g,,Turkey,,4260637869791,,
4260637868336,ali baba kakoku helva,6.25,350g,,Turkey,,4260637868336,,
4262457390592,ali baba kayisi recel,4.50,380g,,Turkey,,4262457390592,,
4260637868671,ali baba nar eksisi,2.75,500g,,Turkey,,4260637868671,,
4262457393623,ali baba papatya,4.95,,,,,4262457393623,,
4260637863270,ali baba pismaniye,4.95,200g,,Turkey,,4260637863270,,
4260637865991,ali baba tutun koln,3.90,200ml,,Turkey,,4260637865991,,
4262457390585,ali baba visne recel,4.65,380g,,Turkey,,4262457390585,,
4260637869807,ali baba visneli,4.35,250g,,Turkey,,4260637869807,,
4260637866042,ali babab kavrulmus kadayis,4.95,200g,,Turkey,,4260637866042,,
4262457393616,ali bba adacayi 50 gt,3.95,,,,,4262457393616,,
4262457396624,ali bba tavuk harci galiba,2.90,150g,,Turkey,,4262457396624,,
9506584361694,aynisafa,10.00,,,,,9506584361694,,
8682815635664,baklva,1.00,,,,,8682815635664,,
8691381000172,beypazari gazuotas saltinio vanduo,0.95,,,,,8691381000172,,
4027394005042,biberli dana salam,3.60,,,,,4027394005042,,
8697439306050,bite groani,1.95,28g,,Turkey,,8697439306050,,
8697439303578,bite mr cikolat,1.00,38g,,Turkey,,8697439303578,,
8697439308450,bite pixel,1.00,30g,,Turkey,,8697439308450,,
8697439307538,bite snap,1.50,35g,,Turkey,,8697439307538,,
8697439307620,bite snap findik,1.45,35g,,Turkey,,8697439307620,,
8697439309198,bite strike,1.35,37g,,Turkey,,8697439309198,,
8690504119050,black cumin cookies with mahaleb HANIMELLER,1.99,81g,,,,8690504119050,,
4860019002985,borjomi 0.75l,2.30,,,,,4860019002985,,
8697520519123,camlica apelsiniu skonio gaivusis gerimas,1.35,,,,,8697520519123,,
8697520518614,camlica citriniu skonio gaivusis gerimas,1.35,,,,,8697520518614,,
8697520518676,camlica sade,1.35,,,,,8697520518676,,
4000177030523,carbonated drink with Cherry Flavoured CAPRI-SUN,0.39,330ml,,,,4000177030523,,
4027394034905,cecil fadenkase,5.75,,,,,4027394034905,,
4772122017575,chmeli suneli,1.50,,,,,4772122017575,,
4772122018374,ciberžole 50 gr,1.00,,,,,4772122018374,,
8681480314003,cilekli bebe sekeri,1.45,38g,,Turkey,,8681480314003,,
4771459061367,cinamonas maltas 100g,1.95,,,,,4771459061367,,
4779052061616,coconut + matcha,2.15,,,,,4779052061616,,
8887219200603,coconut milk,1.70,,,,,8887219200603,,
8690504073772,cokanat antepli,1.99,,,,,8690504073772,,
8697520511332,cola turkca,1.75,200ml,,Turkey,,8697520511332,,
8001876020088,colavita premium selection,16.90,,,,,8001876020088,,
8690504119104,cookies with Rosemary and Olive  HANIMELLER,1.99,81g,,,Saldumynai (chalva - lokumas - šokoladas - batonėliai) / Batonėliai - sausainiai,8690504119104,,
8682943308096,copper pan 18cm,12.00,1vnt,,,,8682943308096,,
8683434160247,copper pan 18cm ,12.00,1vnt,,,,8683434160247,,
4772122017551,d. cesnaku granules,1.10,,,,,4772122017551,,
8719632250968,daavat basmati,6.45,,,,,8719632250968,,
6191529000269,datules 400g,3.50,,,,,6191529000269,,
9502516954651,defne yapra,5.90,,,,,9502516954651,,
8695820021476,dibek findikli kava sekeroglu,7.35,,,,,8695820021476,,
8695820017349,dibek kava seker poset,5.95,,,,,8695820017349,,
8695820021162,dibek kava sekeroglu,8.95,,,,,8695820021162,,
4262457396747,dodo cilekli,3.20,290ml,,Vietnam,,4262457396747,,
4262457396730,dodo cilkli,3.20,290ml,,Vietnam,,4262457396730,,
4262457396754,dodo cocktail,3.20,290ml,,Vietnam,,4262457396754,,
4262457396709,dodo kivi,3.20,290ml,,Vietnam,,4262457396709,,
4262457396723,dodo maango,3.20,290ml,,Vietnam,,4262457396723,,
4262457396716,dodo nar,3.20,290ml,,Vietnam,,4262457396716,,
4760062101744,dogma cay,4.50,,,,,4760062101744,,
8684787780755,dubaii groani bite,2.95,35g,,Turkey,,8684787780755,,
4772122017599,dzivintos darvoves sriubai,1.45,,,,,4772122017599,,
4027394003321,farm cheese YAYLA,5.49,400g,,,,4027394003321,,
42010210,fersan acili,3.75,,,,,42010210,,
4860108710258,figu dzemas,2.99,,,,,4860108710258,,
8697439300461,fingers toren,2.75,142g,,Turkey,,8697439300461,,
8690525511338,frii ananas,1.95,250ml,,Turkey,,8690525511338,,
8690525511352,frii elma,1.95,250ml,,Turkey,,8690525511352,,
8690525511017,frii limon,1.95,250ml,,Turkey,,8690525511017,,
4260637869814,garadut,4.90,250g,,Turkey,,4260637869814,,
5283001118201,garlic powder ABIDO,3.90,50g,,,,5283001118201,,
8681863047757,gofkit,1.00,20g,,Turkey,,8681863047757,,
8690575870119,granatų nektaro sultys TAMEK,3.50,1000ml,,,,8690575870119,,
57020129,grietinėlė SUTDIYARI,4.49,170g,,,,57020129,,
4027394003949,grillkase suris,4.90,,,,,4027394003949,,
9508569668965,gul cayi,11.50,,,,,9508569668965,,
8690524055031,gum drop flavored gum Falim,0.45,8g,,,,8690524055031,,
8694110673036,güllaç GAZIOGLUCLER,4.90,250g,,,,8694110673036,,
5010338011529,hoisin,2.55,,,,,5010338011529,,
8691460009058,ipek badem fistik,5.50,,,,,8691460009058,,
8691460009034,ipek fistikli helva,6.90,,,,,8691460009034,,
4027394003185,izgara peynir,4.95,,,,,4027394003185,,
8699878091573,juodgrudes alejus,15.99,250ml,,,,8699878091573,,
4027394005073,kahvaltilik dana salam,3.55,,,,,4027394005073,,
4027394005097,kahvaltilik hindi salam,3.65,,,,,4027394005097,,
4772122017537,kalendra grudeliais,1.00,,,,,4772122017537,,
8680734240198,karbuz dilimli bebe sekeri,1.45,38g,,Turkey,,8680734240198,,
4027394001204,kebap doner,3.90,,,,,4027394001204,,
4262457395870,keyf helva kokteyl,7.95,300g,,Turkey,,4262457395870,,
4262457395887,keys findikli helva,6.45,300g,,Turkey,,4262457395887,,
8684477430106,kivių skonio gėrimas su baziliko sėklomis MONTANA,2.40,250ml,,,,8684477430106,,
4779031861435,kreatinas 100%,29.95,,,,,4779031861435,,
8692594008665,krem halva,4.90,,,,,8692594008665,,
9507756882948,kuburbu,9.45,,,,,9507756882948,,
4260637869821,kusburbu aramolai,4.50,250g,,Turkey,,4260637869821,,
8690504011750,kviečių lazdelės su sezamo sėklomis ULKER,3.50,125g,,,,8690504011750,,
3401564667222,kūdikio buteliukas 230ml plastikinis ILTET,17.25,4vnt,,,,3401564667222,,
3401521333894,kūdikio buteliukas 330ml plastikinis ILTET,5.00,1vnt,,,,3401521333894,,
3401521334617,kūdikio buteliuko antgalis ILTET,3.00,1vnt,,,,3401521334617,,
3401161408549,kūdikio buteliuko stiklinei 240ml ILTET,7.00,1vnt,,,,3401161408549,,
4027394001297,lahmacun normal,11.90,,,,,4027394001297,,
8690777014175,lapų ritiniai SERA,4.99,300g,,,,8690777014175,,
9509985393790,lavanta,8.60,,,,,9509985393790,,
8718951384378,lilac soap with olive extract HACI SAKIR ,7.49,600g,,,Pramoninės prekės - higienos priemonės,8718951384378,,
8852646010255,lime leaves,2.35,,,,,8852646010255,,
8691381000127,limon beypazari,1.35,200ml,,Turkey,,8691381000127,,
4860004650481,limon limona,1.80,,,,,4860004650481,,
4860004650634,limonadas vinogiu,2.45,,,,,4860004650634,,
4260637869777,limonlu,4.95,250g,,Turkey,,4260637869777,,
8711327640450,magnum bonbon ,8.50,,,,,8711327640450,,
8711327640306,magnum caramel,8.50,,,,,8711327640306,,
8711327667174,magnum hazelnut,2.75,,,,,8711327667174,,
8711327663961,magnum pembeli,2.35,,,,,8711327663961,,
8000920585603,magnum sandwich,2.35,,,,,8000920585603,,
8690777516020,mangoldų įvyniojimai SERA,5.00,300g,,,,8690777516020,,
8690508602046,marinuoti agurkai,2.45,,,,,8690508602046,,
4251354817585,marinuotos žaliosios slyvos GULCAN,5.90,680g,,,,4251354817585,,
8695820017332,menengic kava poset sekeroglu,5.95,,,,,8695820017332,,
8695820023135,menengic kava sekeroglu,7.95,,,,,8695820023135,,
9503817145953,meyve cayi,6.90,200g,,Turkey,,9503817145953,,
4771459061824,minced hand-roasted red sweet paprika,2.90,100g,,,,4771459061824,,
8717703791648,miras borulce,6.90,,,,,8717703791648,,
4262428410069,mojito gazoz,1.75,250ml,,Germany,,4262428410069,,
8697439303547,mr bite haselnuss,1.00,38g,,Turkey,,8697439303547,,
8697439302281,mr bite kokos,1.35,38g,,Turkey,,8697439302281,,
4770412091939,muskatu riesutai malti 100g,4.85,,,,,4770412091939,,
9509616146924,natural minze,7.45,,,,,9509616146924,,
5000112651454,neptunas 1 lt,0.90,,,,,5000112651454,,
8697448890076,nigde,1.85,250ml,,Turkey,,8697448890076,,
4027394034509,okuz suris,3.75,,,,,4027394034509,,
4027394003666,on-farm buffalo yoghurt YAYLA,2.95,500g,,,,4027394003666,,
8693891196208,oncu nar eksisi,7.90,,,,,8693891196208,,
4772122008412,pankolio seklos,1.95,,,,,4772122008412,,
4772122017582,paukstienai prieskoniu,1.50,,,,,4772122017582,,
8699237142878,pestil with hazelnut cream and kadayif FISTIKCI,8.90,300g,,,,8699237142878,,
4260649142509,"pistacijų avinžirnių, žemės riešutų ir kukurūzų traškučiai DERMANN",4.35,180g,,,Riešutai - sėklos ir užkandžiai,4260649142509,,
8681812047647,popping candy - lagaminas dėžutėje,3.99,50g,,,,8681812047647,,
4260637869784,portakal,4.50,250g,,Turkey,,4260637869784,,
4772122018398,prieskoniu misinys bulvems,1.15,50g,,,,4772122018398,,
4772122014581,provanso zoleles,1.50,,,,,4772122014581,,
4772122017544,raudonelis,1.50,,,,,4772122017544,,
90448805,redbull blue,1.89,,,,,90448805,,
90435508,redbull yellow,1.89,,,,,90435508,,
4770073300142,rice paper,1.75,,,,,4770073300142,,
4027394003727,rūgštus kaimas Ayran jogurto gėrimas YAYLA ,1.00,250ml,"„Ayran“ natūralaus jogurto gėrimas pasižymintis šiek tiek sūriu skoniu ne tik atgaivina, bet ir turi daug naudingųjų savybių. Šis gėrimas skatina žarnyno veiklą, suteikia sotumo jausmą.    Jeigu dėl įtampos neužmiegate vakarais, valandą prieš miegą išgerkite „Ayran“, sakoma, jog jis nuramins ir lengviau užmigsite.  Sveika ir skanu!",,,4027394003727,,
4027394010121,sacyufka yayla,1.50,,,,,4027394010121,,
4260678490015,saffron Tea VITATIPS,4.50,30g,,Sri Lanka,,4260678490015,,
4779030394132,safranas HEA & CO,9.99,1g,,Spain,,4779030394132,,
8693354001285,salgam aci kucuk,1.75,300ml,,Turkey,,8693354001285,,
4260637867209,salotų padažas ALIBABA,5.90,1000g,,,,4260637867209,,
4760065712220,saville 240 gr,2.75,,,,,4760065712220,,
4770412091984,seasoning blend for saslykia,1.75,100g,,,,4770412091984,,
8690777525114,sera pomidoru pasta,5.45,,,,,8690777525114,,
8690504119098,sesame cookies with dill HANIMELLER,1.99,81g,,,,8690504119098,,
6970606997100,sesame oil 150 ml,3.95,,,,,6970606997100,,
8888757101506,sezamo aliejus OH AIK GUAN,4.90,150ml,,,,8888757101506,,
4262396731975,sezamo sėklos Nigella mišinys HUNKAR,1.90,100g,,,,4262396731975,,
8691058141078,sirma gazuotas citriniu skonio gaivusis gerimas,1.50,,,,,8691058141078,,
8691058140484,sirma gazuotas mineralinis vanduo,1.50,,,,,8691058140484,,
4260452872648,skrudinti sūdyti žemės riešutai ALIBABA,2.45,150g,,,,4260452872648,,
4260637860040,skrudintos saulėgrąžų sėklos be druska ALIBABA ,4.00,150g,,,,4260637860040,,
4260637860057,skrudintos saulėgrąžų sėklos be druska ALIBABA ,3.60,150g,,,,4260637860057,,
4260452871474,skrudintos sūdytos moliūgų sėklos ALIBABA,1.99,150g,,,,4260452871474,,
4260452870156,skrudintų riešutų mišinys ALIBABA,2.50,150g,,,,4260452870156,,
8684787781332,snap fistikli,1.99,35g,,Turkey,,8684787781332,,
5213004193387,sparta cam buyuk,34.90,,,,,5213004193387,,
5213004193448,sparta cam kucuk boy,17.90,,,,,5213004193448,,
5213004193370,sparta cam orta boy,25.90,,,,,5213004193370,,
5213004194346,sparta organic,39.90,,,,,5213004194346,,
5213004192250,sparta teneke buyuk,33.90,,,,,5213004192250,,
5213004192267,sparta teneke kucuk boy,23.90,,,,,5213004192267,,
4260452871344,spurgų traškučiai ALIBABA,1.99,150g,,,,4260452871344,,
5010338200077,sticky teriyaki,1.45,,,,,5010338200077,,
4027394001587,su boregi kiymali,7.99,,,,,4027394001587,,
4027394005059,sucuk dana salam,3.70,,,,,4027394005059,,
4027394005066,sucuk snack,0.45,,,,,4027394005066,,
4779018743921,suliko,1.00,,,,,4779018743921,,
6287005470890,sviestinės datulės su kaulikais Khodri  TOMOOR,9.90,200g,,,,6287005470890,,
4260151110041,sweetened roasted chestnut TITIZ,3.90,125g,,,,4260151110041,,
8697439300799,tamam bite,1.50,42g,,Turkey,,8697439300799,,
4032489010429,tanay azra cay,2.90,,,,,4032489010429,,
6939945109452,teriyaki sauce 200ml,2.95,,,,,6939945109452,,
4860108700167,tkameli zalia,4.40,,,,,4860108700167,,
4860108700181,tkemali raudonasis,4.35,,,,,4860108700181,,
4860108700204,tkemalo geltona,4.30,,,,,4860108700204,,
8697439305244,tore pembe,1.25,55g,,Turkey,,8697439305244,,
8697439300317,toren banan,1.00,55g,,Turkey,,8697439300317,,
8690508101426,tukas pamidoro pasta,4.95,,,,,8690508101426,,
4027394003307,tulumpeyniri,12.90,,,,,4027394003307,,
4772122017568,turkiskas 7 prieskoniu misinnys,1.50,,,,,4772122017568,,
8697217082909,turkiška cukraus vata su šokolado apvalkalu,5.99,200g,,,,8697217082909,,
680678033700,turuncu pasabhace ,7.50,,,,,680678033700,,
4027394002508,tuzlu ciftlik terayagi,4.95,,,,,4027394002508,,
4027394010411,ucgen yufka,1.50,,,,,4027394010411,,
8690504009207,ulker cizi ,1.50,,,,,8690504009207,,
4027394010206,uzun yufka,1.50,,,,,4027394010206,,
4027394001266,vegan lahmacun,3.90,,,,,4027394001266,,
4779030392701,vidurzemio juros prieskoniu misinys,1.50,,,,,4779030392701,,
8719497603381,vištienos paplotėliai su sūrio ir česnakų įdaru BEYNUR,8.90,500g,,,,8719497603381,,
4260637866363,vynuogių sirupas ALIBABA,4.50,380g,,,,4260637866363,,
57028071,vyšnių ir citrinų skonio kramtomoji guma LOVE IS,0.30,4.2g,,,,57028071,,
8690575871611,vyšnių nektaro sultys TAMEK,3.50,1000ml,,,,8690575871611,,
8697439300072,wafers toren limon,1.00,55g,,Turkey,,8697439300072,,
8690777017398,walnut pestil with pomegranate flavor SERA,6.99,300g,,,,8690777017398,,
8697439308948,whomp bite,1.00,40g,,Turkey,,8697439308948,,
8681480314034,yuvarlak bebe sekeri,0.95,25g,,Turkey,,8681480314034,,
4869002035191,zalioji adzika ,2.25,,,,,4869002035191,,
4860004650443,zandukeli armut,2.45,,,,,4860004650443,,
4860004653116,zandukeli cola,2.45,500ml,,,,4860004653116,,
4860004650474,zandukeli krem,1.80,,,,,4860004650474,,
4860004650450,zandukeli tarhun,2.45,,,,,4860004650450,,
8717552025086,Çig Köfte Spice mix GÜLCAN,3.10,200g,"Çiğ Köfte išvertus iš turkų kalbos reiškia „neapdorotas ir susmulkintas“. Taip yra todėl, kad dažniausiai Çiğ Köfte yra gaminamas iš maltos mėsos. Çiğ Köfte yra labai populiarus Turkijos pietryčių provincijose. Turkijoje yra dvi skirtingos „Çiğ Köfte“ versijos. Vienas pagamintas iš maltos mėsos, o kitas vegetariškas - iš bulguro. Pasigaminkite norimą Çiğ Köfte variantą ir naudokite šį prieskonių mišinį, kuriame yra visi reikalingi prieskoniai.",,,8717552025086,,
8693891700801,Çig Köfte mix ÖNCÜ,3.90,600g,"Paruošimas: bulgur kruopas užpilkite 1,5 stiklinės karšto vandens, po 10min. sudėkite mišinį ir kitus ingredientus ir suminkykite. Suformuokite rutuliukus ir patiekite.",,,8693891700801,,
4251871702760,Čederio sūris DESTAN,4.50,350g,,,,4251871702760,,
4007643751104,Čili Pipirai,14.90,1000g,,,,4007643751104,,
5017689010355,Čili pipirų dribsniai (itin aštrūs) TRS,1.99,100g,,,,5017689010355,,
3166296552191,Čili česnakų padažas CHOLULA,4.90,150ml,,,,3166296552191,,
4262457390202,Čiobreliai ALIBABA,3.49,25g,,,,4262457390202,,
4260637869012,Čiobreliai ALIBABA (kopija),3.75,50g,,,,4260637869012,,
3166296552207,Čipotlių padažas CHOLULA,7.49,150ml,,,,3166296552207,,
5412294120534,Įvairių skonių lokumas su kokoso drožlėmis SARAY,6.00,300g,,,Saldumynai (chalva - lokumas - šokoladas - batonėliai),5412294120534,,
8690575871413,Įvairių vaisių nektaras TAMEK,3.50,1000ml,,,,8690575871413,,
4260394340120,įvyniojimo lapai ELIFCE,5.90,400g,,Turkey,,4260394340120,,
4260637869036,Šalavijų arbata ALIBABA,2.90,40g,,,,4260637869036,,
0000026055664,Šaldytas jautienos faršas (HALAL),11.99,1000g,,,,26055664,,
4260637866295,Šilkmedžio sirupas ALIBABA,6.99,380g,,,,4260637866295,,
4260637866301,Šilkmedžio sirupas ALIBABA,6.90,800g,,,,4260637866301,,
8680618008036,Šliaužtinukas 3-6mėn,19.60,1vnt.,,,,8680618008036,,
8680618037272,Šliaužtinukas 6-9mėn,18.10,1vnt.,,,,8680618037272,,
8680618009330,Šliaužtinukas ilg. rankovėmis naujagimiui,13.10,1vnt.,,,,8680618009330,,
868061803839,Šliaužtinukas ilg.rankovėmis 0-3mėn.,21.10,1vnt.,,,,868061803839,,
8680618037265,Šliaužtinukas ilg.rankovėmis 3-6mėn.,18.10,1vnt.,,,,8680618037265,,
8680618007084,Šliaužtinukas trump. rankovėmis 3-6mėn,11.10,1vnt.,,,,8680618007084,,
86806180379,Šliaužtinukas trump. rankovėmis naujagimiui,10.10,1vnt.,,,,86806180379,,
8680618040609,"Šliaužtinuko ilg. rankovėmis, kelnių ir skarelės komplektas 18-24mėn.",25.10,1vnt.,,,,8680618040609,,
8680618036473,"Šliaužtinuko ilg. rankovėmis, kelnių ir skarelės komplektas 24-36mėn.",25.10,1vnt.,,,,8680618036473,,
8680618042863,"Šliaužtinuko ilg. rankovėmis, kelnių ir skarelės komplektas 6-9mėn.",25.10,1vnt.,,,,8680618042863,,
8680618040265,"Šliaužtinuko trump. rankovėmis, kelnių ir skarelės komplektas 18-24mėn.",25.10,1vnt.,,,,8680618040265,,
4027394010015,Švelni paprikų pasta 700g YAYLA,8.95,320g,,,,4027394010015,,
8680518477949,Švelniai Aštrūs Bulguro Kotletai Cig Kofte CESA,9.95,,,,,8680518477949,,
00005076115,Švelnus aitriųjų paprikų padažas ENCONA,2.50,142ml,,,,5076115,,
6213042121051,Žalioji arbata su mėtomis pakeliais (20vnt.) CHAMAIN,3.09,36g,,,,6213042121051,,
08490900236,Žalioji kario pasta,5.99,400g,,,,8490900236,,
6915406060319,Žalioji kiniška arbata GREETING,5.00,250g,,,,6915406060319,,
4250129894035,Žaliosios alyvuogės grilintos OZ YURDUM,5.09,250g,,,,4250129894035,,
4250129893045,Žaliosios alyvuogės įdarytos paprika OZ YURDUM,4.85,250g,,,,4250129893045,,
60817103022,Žaliosios čili paprikos agurkėliai SWAD,3.40,300g,,,,60817103022,,
8684477430151,Žaliųjų obuolių skonio gėrimas su baziliko sėklomis MONTANA,2.49,250ml,,,,8684477430151,,
8717973290735,Žemės riešutai ANATOLIA,1.99,200g,,,,8717973290735,,
8717973290674,Žemės riešutai su lukštais sūdyti ANATOLIA,1.60,200g,,,,8717973290674,,
42606378699820,Žemės riešutų batonėlis ALIBABA,0.99,30g,,,,42606378699820,,
4260637869982,Žemės riešutų batonėlis Didelis ALIBABA,1.85,70g,,,,4260637869982,,
4260637869111,Žiemos arbata ALIBABA,3.75,50g,,,,4260637869111,,
"868,061,803,839.00",Žliaužtinukas ilg.rankovėmis 0-3mėn.,21.10,1vnt.,,,,"868,061,803,839.00",,
4032489019842,Žolelių arbatos TANAY,4.49,35g,,,,4032489019842,,
4032489019781,Žolelių arbatos TANAY,4.49,35g,,,,4032489019781,,
4032489019798,Žolelių arbatos TANAY,3.50,35g,,,,4032489019798,,
4032489019736,Žolelių arbatos TANAY,4.00,35g,,,,4032489019736,,
4032489019859,Žolelių arbatos TANAY,4.49,35g,,,,4032489019859,,
4032489019873,Žolelių arbatos TANAY,3.99,35g,,,,4032489019873,,
4032489019835,Žolelių arbatos TANAY,4.00,35g,,,,4032489019835,,
4032489019729,Žolelių arbatos TANAY,4.00,35g,,,,4032489019729,,
4772122002823,Žvaigždinis anyžius,6.99,100g,,,,4772122002823,,
0006,„Healthy Choice” plaktuvė/gertuvė 600ml,19.30,1vnt,,,Pramoninės prekės - higienos priemonės / Pramoninės prekės,6,,
8690906000611,„Salep“ skonio tirpiojo gėrimas USAS BASAK,4.00,130g,,,,8690906000611,,
8697217081506,„Salep“ skonio tirpiojo gėrimo USAS,3.99,,,,,8697217081506,,
8713763583346,„flash pop“ saldainiai Unicorn OZIBOX ,3.75,5g,,,,8713763583346,,
6931722315100,„flash pop“ saldainiai Unicorn OZIBOX  (kopija),2.75,5g,,,,6931722315100,,
3587361043817,„flash pop“ saldainiai su cola skoniu OZIBOX,3.70,34g,,,,3587361043817,,
